Source url,Anchor,Target url,Page ascore,First seen
https://alphonsomango-1.gitbook.io/alphonsomango,ajwa khajoor,https://alphonsomango.in/products/ajwa-dates-ajwa-khajoor,13,2025-02-22
https://alphonsomangowholesaleprice318.ttblogs.com/12887844/the-best-way-to-enjoy-devgad-alphonso-mangoes,Devgad Alphonso Mango Order Online,https://alphonsomango.in/products/devgad-alphonso-mango,7,2026-05-03
https://alphonsomangowholesaleprice318.ttblogs.com/12887844/the-best-way-to-enjoy-devgad-alphonso-mangoes,Ratnagiri Alphonso Mango Order Online,https://alphonsomango.in/products/ratnagiri-alphonso-mango,7,2025-08-08
https://alphonsomangowholesaleprice318.ttblogs.com/12887844/the-best-way-to-enjoy-devgad-alphonso-mangoes,Alphonso Mango Order Online,https://alphonsomango.in/products/alphonso-mango-order-online,7,2025-08-08
https://ratnagiri-and-devgad-man479245.activoblog.com/54213201/desire-for-the-finest-taste-buy-authentic-ratnagiri-devgad-alphonso-mangoes-via-the-internet,Carbide Free Alphonso Mango,https://alphonsomango.in/products/alphonso-mango-order-online,5,2026-07-03
https://alphonso-mango-online908467.activoblog.com/54195106/experience-the-glow-get-authentic-ratnagiri-and-devgad-mangoes-alphonso,GI Tagged Hapus Aam,https://alphonsomango.in/products/saffron-kesar,4,2026-07-03
https://alphonsomangohomedelivery762.ivasdesign.com/54821646/devgad-alphonso-mango-a-sweet-rich-experience-order-online-now,Devgad Alphonso Mango Order Online,https://alphonsomango.in/products/devgad-alphonso-mango,4,2026-05-26
https://mango-export-india922694.activoblog.com/54197736/desire-for-the-premium-taste-purchase-real-ratnagiri-devgad-alphonso-mangoes-digitally,Alphonso mango online,https://alphonsomango.in/products/kesar-mango,4,2026-07-03
https://ratnagirialphonsomangoprice072.educationalimpactblog.com/55021550/order-alphonso-mango-online-the-sweetest-treat-you-can-enjoy-at-home,Alphonso Mango Order Online,https://alphonsomango.in/products/alphonso-mango-order-online,4,2025-12-27
https://ratnagirialphonsomangoprice653.full-design.com/the-best-alphonso-mangoes-taste-the-richness-of-india-s-king-of-fruits-75887649,Ratnagiri Alphonso Mangoes,https://alphonsomango.in/products/ratnagiri-alphonso-mango,3,2025-03-07
https://ratnagirialphonsomangoprice653.full-design.com/the-best-alphonso-mangoes-taste-the-richness-of-india-s-king-of-fruits-75887649,order Alphonso Mango Online,https://alphonsomango.in/products/alphonso-mango-order-online,3,2025-03-07
https://ratnagirianddevgadmangoe943248.blogdigy.com/experience-the-sunshine-devgad-premium-fruits-have-launched-68142546,Online Alphonso Mango Shop,https://alphonsomango.in/,3,2026-07-08
https://alphonso-mango-online090088.blog-gold.com/60395475/taste-the-sweetness-get-authentic-ratnagiri-devgad-mango-fruits,Buy Ratnagiri Alphonso Mango,https://alphonsomango.in/products/saffron-kesar,2,2026-07-03
https://alphonsomangoesonline220.blogolize.com/devgad-alphonso-mango-a-taste-of-authenticity-and-richness-72539650,Devgad Alphonso Mango,https://alphonsomango.in/products/devgad-alphonso-mango,2,2026-05-08
https://alphonsomangoesonline220.blogolize.com/devgad-alphonso-mango-a-taste-of-authenticity-and-richness-72539650,here,https://alphonsomango.in/products/devgad-alphonso-mango,2,2026-05-08
https://alphonsomangoesonline220.blogolize.com/devgad-alphonso-mango-a-taste-of-authenticity-and-richness-72539650,Alphonso Mango Online Order page,https://alphonsomango.in/products/alphonso-mango-order-online,2,2025-03-05
https://ratnagirialphonsomangoprice019.bloggactivo.com/32546970/the-king-of-fruits-buy-alphonso-mango-online-for-a-sweet-delight,Alphonso Mango Online Store,https://alphonsomango.in/products/alphonso-mango-order-online,2,2025-02-22
https://alphonso-mango.gbusiness.co/,https://alphonsomango.in/,https://alphonsomango.in/,1,2026-04-27
https://alphonso-mango.gbusiness.co/,Website,https://alphonsomango.in/,1,2026-04-27
https://alphonsomangoexporters762.onesmablog.com/devgad-alphonso-mango-a-taste-of-authenticity-and-richness-74033113,Devgad Alphonso Mango,https://alphonsomango.in/products/devgad-alphonso-mango,1,2026-04-01
https://alphonsomangoexporters762.onesmablog.com/devgad-alphonso-mango-a-taste-of-authenticity-and-richness-74033113,here,https://alphonsomango.in/products/devgad-alphonso-mango,1,2026-04-01
https://alphonsomangoexporters762.onesmablog.com/devgad-alphonso-mango-a-taste-of-authenticity-and-richness-74033113,Alphonso Mango Online Order page,https://alphonsomango.in/products/alphonso-mango-order-online,1,2025-03-04
https://hapusmangoonline997.mybuzzblog.com/12935743/why-ratnagiri-alphonso-mangoes-are-the-best-order-online,Ratnagiri Alphonso Mango Order Online,https://alphonsomango.in/products/ratnagiri-alphonso-mango,1,2026-01-24
https://ratnagirialphonsomangoprice933.blogolenta.com/30178071/indulge-in-the-sweetness-of-alphonso-mango,Devgad Alphonso Mangoes,https://alphonsomango.in/products/devgad-alphonso-mango,1,2026-03-28
https://ratnagirialphonsomangoprice933.blogolenta.com/30178071/indulge-in-the-sweetness-of-alphonso-mango,Order Devgad Alphonso Mangoes online,https://alphonsomango.in/products/devgad-alphonso-mango,1,2026-03-28
https://ratnagirialphonsomangoprice933.blogolenta.com/30178071/indulge-in-the-sweetness-of-alphonso-mango,Order them online now!,https://alphonsomango.in/products/ratnagiri-alphonso-mango,1,2025-10-02
https://ratnagirialphonsomangoprice933.blogolenta.com/30178071/indulge-in-the-sweetness-of-alphonso-mango,Order your Alphonso Mango online today!,https://alphonsomango.in/products/alphonso-mango-order-online,1,2025-10-02
https://ratnagirialphonsomangoprice933.blogolenta.com/30178071/indulge-in-the-sweetness-of-alphonso-mango,Order Alphonso Mango Online,https://alphonsomango.in/products/alphonso-mango-order-online,1,2025-10-02
https://ratnagirialphonsomangoprice933.blogolenta.com/30178071/indulge-in-the-sweetness-of-alphonso-mango,Ratnagiri Alphonso Mangoes,https://alphonsomango.in/products/ratnagiri-alphonso-mango,1,2025-10-02
https://ratnagirianddevgadmangoe943248.blogdigy.com/taste-the-golden-glow-purchase-authentic-these-premium-mango-via-the-web-68136159,Authentic Alphonso Mangoes,https://alphonsomango.in/,1,2026-07-11
https://alphonso-mango-online662394.blog-gold.com/60386380/savor-the-warmth-buy-authentic-ratnagiri-devgad-alphonso-mangoes,Buy Ratnagiri Alphonso Mango,https://alphonsomango.in/products/ratnagiri-alphonso-mango,0,2026-07-02
https://alphonsomango070.blogspot.com/2024/03/delight-your-palate-benefits-of-ajwa.html,buy ajwa dates online,https://alphonsomango.in/products/ajwa-dates-ajwa-khajoor,0,2025-05-02
https://alphonsomango1.blogspot.com/2021/09/kokum-butter.html,Kokum butter,https://alphonsomango.in/products/kokum-butter,0,2025-09-04
https://alphonsomango1.blogspot.com/2021/09/kokum-butter.html,Kokum Oil,https://alphonsomango.in/products/kokum-butter,0,2025-09-04
https://alphonsomango753.blogspot.com/p/get-finest-alphonso-mangoes-delicious.html,Alphonso Mango,https://alphonsomango.in/,0,2026-05-11
https://alphonsomangodirectfromfarm974.ageeksblog.com/32202344/experience-the-flavorful-delight-of-ratnagiri-alphonso-mango-a-true-mango-lover-s-treat,Ratnagiri Hapus Mango,https://alphonsomango.in/products/ratnagiri-alphonso-mango,0,2025-02-26
https://alphonsomangodirectfromfarm974.ageeksblog.com/32202344/experience-the-flavorful-delight-of-ratnagiri-alphonso-mango-a-true-mango-lover-s-treat,Ratnagiri Alphonso Mangoes,https://alphonsomango.in/products/ratnagiri-alphonso-mango,0,2025-02-26
https://alphonsomangodirectfromfarm974.ageeksblog.com/32202344/experience-the-flavorful-delight-of-ratnagiri-alphonso-mango-a-true-mango-lover-s-treat,Ratnagiri mangoes,https://alphonsomango.in/products/ratnagiri-alphonso-mango,0,2025-02-26
https://alphonsomangodirectfromfarm974.ageeksblog.com/32202344/experience-the-flavorful-delight-of-ratnagiri-alphonso-mango-a-true-mango-lover-s-treat,buy Ratnagiri Alphonso Mango,https://alphonsomango.in/products/ratnagiri-alphonso-mango,0,2025-02-26
https://alphonsomangodirectfromfarm974.ageeksblog.com/32202344/experience-the-flavorful-delight-of-ratnagiri-alphonso-mango-a-true-mango-lover-s-treat,Ratnagiri mango,https://alphonsomango.in/products/ratnagiri-alphonso-mango,0,2025-02-26
https://alphonsomangodirectfromfarm974.ageeksblog.com/32202344/experience-the-flavorful-delight-of-ratnagiri-alphonso-mango-a-true-mango-lover-s-treat,Ratnagiri Alphonso Mango,https://alphonsomango.in/products/ratnagiri-alphonso-mango,0,2025-02-26
https://alphonsomangodirectfromfarm974.theobloggers.com/39474048/the-best-devgad-alphonso-mangoes-freshly-delivered-to-your-door,Devgad Alphonso Mango Order Online,https://alphonsomango.in/products/devgad-alphonso-mango,0,2026-03-24
https://alphonsomangoforsale850.snack-blog.com/33447910/devgad-alphonso-mango-a-taste-of-authenticity-and-richness,Devgad Alphonso Mango,https://alphonsomango.in/products/devgad-alphonso-mango,0,2026-03-24
https://alphonsomangoforsale850.snack-blog.com/33447910/devgad-alphonso-mango-a-taste-of-authenticity-and-richness,here,https://alphonsomango.in/products/devgad-alphonso-mango,0,2026-03-24
https://alphonsomangoforsale850.snack-blog.com/33447910/devgad-alphonso-mango-a-taste-of-authenticity-and-richness,Alphonso Mango Online Order page,https://alphonsomango.in/products/alphonso-mango-order-online,0,2025-03-05
https://hapusmangoonline144878.activoblog.com/54159825/%E0%A4%A6-%E0%A4%B5%E0%A4%97%E0%A4%A1-%E0%A4%86-%E0%A4%AC-%E0%A4%AF-%E0%A4%85%E0%A4%B8-%E0%A4%B8%E0%A4%B2-%E0%A4%A6-%E0%A4%B5%E0%A4%97%E0%A4%A1-%E0%A4%B9%E0%A4%AA-%E0%A4%B8-%E0%A4%B5-%E0%A4%B0%E0%A4%A4-%E0%A4%A8-%E0%A4%97-%E0%A4%B0-%E0%A4%85%E0%A4%B2-%E0%A4%AB-%E0%A4%B8-%E0%A4%91%E0%A4%A8%E0%A4%B2-%E0%A4%87%E0%A4%A8-%E0%A4%AE-%E0%A4%97%E0%A4%A3-%E0%A4%95%E0%A4%B0,devgad alphonso,https://alphonsomango.in/products/kesar-mango,0,2026-07-02
https://hapusmangoonline144878.activoblog.com/54163952/%E0%A4%A6-%E0%A4%B5%E0%A4%97%E0%A4%A1-%E0%A4%86-%E0%A4%ACy-%E0%A4%87-%E0%A4%9F%E0%A4%B0%E0%A4%A8-%E0%A4%9F%E0%A4%B5%E0%A4%B0-%E0%A4%96%E0%A4%B0-%E0%A4%A6-%E0%A4%95%E0%A4%B0-%E0%A4%A4-%E0%A4%9C-%E0%A4%86%E0%A4%A3-%E0%A4%9A%E0%A4%B5-%E0%A4%B7-%E0%A4%9F,devgad alphonso,https://alphonsomango.in/,0,2026-07-02
https://hapusmangoonline144878.activoblog.com/54165273/%E0%A4%A6-%E0%A4%B5%E0%A4%B0gad-mango-%E0%A4%86%E0%A4%A3-%E0%A4%86%E0%A4%B2-%E0%A4%AB-%E0%A4%B8-online-%E0%A4%91%E0%A4%B0-%E0%A4%A1%E0%A4%B0,ratnagiri alphonso mango,https://alphonsomango.in/products/pairi-mango,0,2026-07-03
https://hapusmangoonline144878.activoblog.com/54169116/%E0%A4%A6-%E0%A4%B5%E0%A4%B0%E0%A4%97%E0%A4%A1-mango-%E0%A4%86%E0%A4%A3-alphonso-online-%E0%A4%96%E0%A4%B0-%E0%A4%A6-%E0%A4%95%E0%A4%B0,buy hapus mango online,https://alphonsomango.in/products/kesar-mango,0,2026-07-03
https://hapusmangoonline144878.activoblog.com/54170302/%E0%A4%A6-%E0%A4%B5%E0%A4%97%E0%A4%A1%E0%A4%9A-%E0%A4%86-%E0%A4%AC-%E0%A4%87-%E0%A4%9F%E0%A4%B0%E0%A4%A8-%E0%A4%9F%E0%A4%B5%E0%A4%B0-%E0%A4%96%E0%A4%B0-%E0%A4%A6-%E0%A4%95%E0%A4%B0-%E0%A4%A4-%E0%A4%9C-%E0%A4%B5-%E0%A4%9A%E0%A4%B5-%E0%A4%B7-%E0%A4%9F,ratnagiri alphonso mango,https://alphonsomango.in/,0,2026-07-02
https://hapusmangoonline144878.activoblog.com/54173862/taste-the-tropical-delight-get-genuine-these-famous-alphonso-fruits-online,devgad hapus,https://alphonsomango.in/products/pairi-mango,0,2026-07-02
https://mangoexportindia865279.blog-gold.com/60526678/experience-the-warmth-purchase-real-ratnagiri-devgad-alphonso-delights,Carbide Free Alphonso Mango,https://alphonsomango.in/,0,2026-07-07
https://mangoseasoninindia367.smblogsites.com/33499837/devgad-alphonso-mango-a-taste-of-authenticity-and-richness,Devgad Alphonso Mango,https://alphonsomango.in/products/devgad-alphonso-mango,0,2026-04-22
https://mangoseasoninindia367.smblogsites.com/33499837/devgad-alphonso-mango-a-taste-of-authenticity-and-richness,here,https://alphonsomango.in/products/devgad-alphonso-mango,0,2026-04-22
https://mangoseasoninindia367.smblogsites.com/33499837/devgad-alphonso-mango-a-taste-of-authenticity-and-richness,Alphonso Mango Online Order page,https://alphonsomango.in/products/alphonso-mango-order-online,0,2025-03-04
https://ratnagiri-and-devgad-man339535.activoblog.com/54232523/savor-the-flavor-your-exploration-to-ratnagiri-king-mangoes,Hapus Mango Price Guide,https://alphonsomango.in/,0,2026-07-05
https://ratnagirianddevgadmangoe268813.activoblog.com/54228564/experience-the-golden-glow-buy-authentic-these-premium-alphonso-from-our-site,Mango Export India,https://alphonsomango.in/,0,2026-07-05
https://ratnagirianddevgadmangoe268813.activoblog.com/54239028/experience-the-sunshine-devgad-alphonso-fruits-have-arrived,direct orchard mangoes,https://alphonsomango.in/,0,2026-07-04
https://ratnagirianddevgadmangoe272898.activoblog.com/54174818/experience-the-sunshine-purchase-real-ratnagiri-devgad-fruit-varieties,Alphonso mango online,https://alphonsomango.in/products/ratnagiri-alphonso-mango,0,2026-07-02
https://ratnagirianddevgadmangoe272898.activoblog.com/54184291/taste-the-sweetness-get-genuine-devgad-devgad-honey-produce-today,Devgad Alphonso Mango,https://alphonsomango.in/products/pairi-mango,0,2026-07-03
https://ratnagirianddevgadmangoe837840.blog-gold.com/60461849/taste-the-sunshine-get-genuine-these-mango-mangoes,Alphonso Mango vs Kesar Mango,https://alphonsomango.in/,0,2026-07-04
