root,links,ascore,first
homedirectory.biz,3971,0,2025-06-14
unique-listing.com,2777,0,2025-03-13
justdirectory.org,2374,0,2025-04-12
classdirectory.org,2190,0,2024-10-06
aurora-directory.com,664,0,2025-02-25
mybloglicious.com,663,4,2025-02-11
apeopledirectory.com,494,0,2026-02-21
health-blog.asia,451,0,2025-03-19
celestialdirectory.com,434,1,2024-07-18
bestdirectory4you.com,207,1,2026-02-22
bestbuydir.com,200,0,2024-11-04
blogerus.com,188,0,2024-02-16
grabo.bg,164,0,2023-07-08
discoveringbrands.com,144,0,2025-02-22
blogspot.com,127,6,2024-10-21
alive-directory.com,113,0,2025-02-21
33z.net,108,0,2024-09-01
everesttech.net,71,0,2024-12-17
affiliated-business.com,66,0,2025-07-01
trackerrr.com,65,0,2024-04-25
yahoo.com,61,23,2025-07-23
zurka.us,60,0,2025-05-02
ne.jp,60,16,2025-02-11
blogpostie.com,60,3,2025-07-27
bestfuzhi.com,59,0,2026-03-10
whizolosophy.com,58,3,2025-10-02
ratnagirialphonso.com,57,21,2024-07-20
articlesblogger.com,52,2,2025-07-20
giftamango.com,48,0,2026-04-10
pickyourownchristmastree.org,48,6,2025-03-17
activoblog.com,47,5,2025-06-23
hannemyr.no,46,1,2025-02-21
bimotaforum.co.uk,45,0,2023-08-17
wunderboxevents.com,43,0,2026-04-20
blog-gold.com,43,2,2026-07-02
pointblog.net,41,5,2025-03-02
cycletyres-network.com,37,0,2023-12-23
ace-ace.co.jp,36,0,2024-08-12
dolevka.ru,35,0,2025-02-18
alive2directory.com,34,0,2025-04-23
google.com.nf,33,0,2025-02-20
ifp3.com,30,0,2023-11-13
loginfra.com,30,0,2024-06-23
sitelike.org,30,41,2025-04-29
selfgrowth.com,29,6,2025-12-16
affilae.com,29,0,2025-02-20
expeditionquest.com,28,0,2025-05-11
google.co.zw,27,0,2025-02-25
ecomscout.com,27,2,2026-06-29
gbusiness.co,27,1,2024-09-07
bloggazza.com,26,7,2025-02-25
google.md,26,9,2025-02-17
miningusa.com,26,0,2025-02-12
arrigonline.ch,26,0,2025-05-24
koni-store.ru,25,0,2025-02-13
indiadesktop.com,25,0,2025-05-13
hellothai.com,25,0,2022-11-24
xcelenergy.com,24,14,2026-03-25
human-d.co.jp,24,3,2025-04-05
google.ml,24,0,2025-03-03
shopinusa.com,24,0,2024-07-11
google.ac,24,0,2025-02-16
thedailybeat.in,24,1,2025-02-11
entrepreneurhunt.com,24,2,2025-02-12
dcfossils.org,24,0,2025-02-14
google.mn,24,0,2025-02-11
turn.com,24,0,2025-04-19
onesmablog.com,24,3,2025-03-04
shopinsanjose.com,24,0,2024-02-15
linky.hu,24,0,2024-03-07
mareincampania.it,24,0,2025-02-20
google.sr,24,0,2025-02-14
buboflash.eu,24,0,2025-03-09
tanakajimaru.co.jp,24,0,2025-02-11
hindustanbytes.com,24,8,2023-11-18
vams.es,24,0,2025-02-11
blackhistorydaily.com,23,0,2022-11-23
shopinelpaso.com,23,0,2024-10-22
bombabox.ru,23,0,2025-03-27
256rgb.com,23,0,2025-03-28
3ne.biz,23,0,2023-11-24
snwebcastcenter.com,23,0,2025-01-31
abcplus.biz,23,5,2025-05-27
tinyblogging.com,23,5,2025-03-05
diowebhost.com,23,3,2025-03-04
freegame.jp,23,0,2024-11-04
full-design.com,23,6,2025-03-04
dyntracker.com,23,0,2023-10-31
zhiziyun.com,23,0,2024-01-24
sharps.se,23,0,2025-02-05
socialbookmarkssite.com,23,1,2025-02-24
shopinkansascity.com,23,0,2024-09-17
shopinboulder.com,23,0,2025-02-12
redfernoralhistory.org,23,0,2024-11-01
pta.gov.np,23,0,2025-03-25
shopinanchorage.com,23,0,2025-02-10
art-prizes.com,23,0,2024-06-11
guru-pon.jp,23,0,2025-04-04
factor8assessment.com,23,0,2024-10-05
interecm.com,22,0,2025-02-12
yansk.ru,22,3,2025-02-26
wonaruto.com,22,0,2025-02-11
98-shop.com,22,0,2024-03-06
studygroom.com,22,0,2026-09-12
astalaweb.net,22,2,2026-05-21
luggage.nu,22,0,2025-02-15
kivaloarany.hu,22,2,2025-05-16
rusichi.info,22,0,2024-12-16
saga.com.vn,22,0,2025-06-27
milfgals.net,22,0,2025-03-17
bloggers.in,22,0,2026-07-02
myavcs.com,22,0,2024-09-07
bmy.jp,22,1,2025-04-17
motogon.ru,22,4,2025-05-18
neoromance.info,22,0,2024-01-18
google.cd,22,0,2025-03-01
shopinsandiego.com,22,0,2025-03-26
gamekouryaku.com,22,0,2024-11-01
hobby-planet.com,22,0,2023-09-07
influenceetstrategie.fr,22,0,2023-07-14
uces.edu.ar,22,0,2025-02-02
magicode.me,22,0,2025-02-14
s-search.com,22,0,2025-02-11
shopinboise.com,22,0,2024-07-14
google.com.tn,22,0,2025-03-11
prairieoutdoors.com,22,0,2025-02-24
purebank.net,22,0,2025-02-11
banket66.ru,22,0,2024-09-21
shatki.info,22,0,2024-06-22
odeki.de,22,3,2025-03-17
nlamerica.com,22,0,2024-12-18
abn-ad.com,22,0,2025-02-11
welcome-fukushima.com,22,8,2025-03-04
cwaf.jp,22,3,2025-03-29
adsfac.net,22,0,2024-09-20
zhenghe.biz,22,0,2024-07-22
cornmazesandmore.org,22,3,2025-03-04
trade-schools-directory.com,22,0,2024-06-22
town-navi.com,22,0,2024-04-27
forum-wodociagi.pl,21,0,2024-10-08
party.biz,21,4,2026-03-27
ratnagirimango.in,21,17,2025-05-30
shopinchicago.com,21,0,2025-02-17
shopincolumbia.com,21,0,2025-02-04
wep.wf,21,0,2024-02-29
bloggadores.com,21,3,2025-03-04
chungshingelectronic.com,21,0,2025-04-17
google.cm,21,3,2025-02-12
shopintucson.com,21,0,2022-11-23
larivieracasino.com,21,0,2024-10-22
madmouseblog.com,21,1,2025-03-02
hotterthanfire.com,21,0,2025-03-15
violins.ca,21,3,2025-02-13
strattonspine.com,21,0,2025-02-11
bongocinema.com,21,0,2025-02-04
google.sn,21,0,2025-03-22
blogolize.com,21,3,2025-03-02
ghiblies.net,21,0,2025-04-02
google.com.et,20,0,2025-02-13
google.com.bz,20,0,2025-04-11
zuanshi.com,20,0,2022-11-26
emotional.ro,20,0,2025-02-18
cafe10th.co.nz,20,0,2025-04-08
google.com.pa,20,8,2025-03-07
bloggactivo.com,20,4,2025-02-22
sports.org.tw,20,0,2024-07-10
google.is,20,0,2025-02-28
getmailspring.com,20,0,2025-03-13
onerivermedia.com,20,0,2025-02-22
objectif-suede.com,20,0,2025-10-06
ampblogs.com,20,5,2025-03-03
theroyalbohemian.com,20,12,2025-02-13
haohand.com,20,0,2024-09-03
aptsolutions.net,20,0,2025-02-18
ampedpages.com,20,5,2025-03-03
kalipdunyasi.com.tr,20,0,2024-01-31
bquest.org,20,0,2025-04-11
messyfun.com,20,0,2023-11-28
dcoinformatica.com,20,0,2025-10-09
evenemangskalender.se,20,0,2023-04-30
google.cg,19,0,2025-04-30
bloguetechno.com,19,3,2025-03-03
google.com.sv,19,0,2025-03-18
cym.org,19,0,2025-02-19
google.com.ng,19,11,2025-04-09
shopinsacramento.com,19,0,2024-06-15
grokipedia.com,19,16,2025-12-06
karanova.ru,19,0,2025-02-22
timesofnepal.com.np,19,0,2024-09-10
kob.su,19,0,2025-05-02
allergywest.com.au,19,0,2025-04-13
applicationadvantage.com,19,0,2025-03-27
mpeblog.com,19,0,2025-06-26
portugalfilm.org,18,0,2025-02-02
ruslog.com,18,0,2025-02-16
myauslife.com.au,18,0,2024-04-23
zahia.be,18,0,2024-08-23
bkdc.ru,18,0,2023-02-11
shopincleveland.com,18,0,2025-03-18
yudian.cc,18,0,2024-05-21
onrecruit.net,18,0,2025-03-25
crandallconsult.com,18,0,2025-02-14
lqm.io,18,0,2025-03-24
30.com.tw,18,0,2024-06-08
smblogsites.com,18,2,2025-03-04
shopinnewyork.net,18,0,2024-06-21
jaipurbytes.com,18,0,2025-02-13
vietnamnetad.vn,18,0,2025-03-23
sibindustry.ru,18,0,2023-06-13
m6r.eu,18,0,2024-08-16
google.lk,18,16,2025-02-25
media01.eu,18,0,2025-04-24
google.com.pk,18,14,2025-02-28
google.dk,18,0,2025-03-08
jpn.org,17,3,2025-02-13
imcbasket.com,17,0,2025-02-21
blogstival.com,17,0,2025-08-07
google.lu,17,0,2025-03-14
ndxa.net,17,0,2025-02-14
sougoseo.com,17,0,2025-02-14
mortgageboss.ca,17,0,2025-03-09
fertilab.net,17,0,2025-04-10
shopindetroit.com,17,0,2025-04-11
shahrequran.ir,17,0,2024-08-23
shopinwashingtondc.com,17,0,2025-04-04
post-blogs.com,17,0,2025-02-22
flugzeugmarkt.eu,17,0,2025-03-09
zetasystem.dk,17,0,2025-04-04
marstruct-vi.com,17,0,2025-02-20
google.tl,17,0,2025-03-06
smi-re.jp,17,0,2025-04-10
spheredawn.com,17,0,2025-04-08
sosot.net,17,0,2025-02-12
nesox.com,17,0,2025-03-13
savannahbuffett.com,17,0,2024-09-13
samsonstonesc.com,17,0,2025-03-18
shopinalbany.com,16,0,2025-02-17
google.ru,16,0,2025-02-15
google.co.ve,16,9,2025-02-12
google.vg,16,0,2025-02-18
hotwives.cc,16,0,2025-02-13
anonymize-me.de,16,0,2025-03-25
google.ba,16,0,2025-02-25
oldcardboard.com,16,0,2025-02-01
mmonline.io,16,0,2025-04-22
businesspress.in,16,2,2024-11-21
dvls.tv,16,0,2025-02-23
aforz.biz,16,0,2025-02-13
plantdesigns.com,16,0,2025-05-15
google.com.jm,16,0,2025-02-18
pro-net.se,16,0,2025-02-20
orderinn.com,16,0,2025-03-11
qizegypt.gov.eg,16,0,2025-03-23
scamadviser.com,16,19,2025-08-01
metaldunyasi.com.tr,16,0,2025-02-14
lissi.ru,16,0,2025-03-27
vqr.mx,16,0,2026-03-18
thecarpetbarn.co.nz,16,0,2025-05-19
google.com.mx,16,0,2025-02-12
skolapotapeni.cz,16,0,2026-01-24
bausch.in,16,6,2025-04-20
glamourcon.com,16,3,2024-12-05
zupyak.com,15,4,2025-08-23
humaniplex.com,15,0,2025-02-11
activosblog.com,15,7,2025-09-18
infosort.ru,15,0,2025-03-27
stars-s.ru,15,0,2025-03-12
bcnb.ac.th,15,0,2025-03-31
google.bs,15,4,2025-02-13
google.ci,15,0,2025-03-07
allbeaches.net,15,0,2025-02-15
google.me,15,0,2025-03-02
pages10.com,15,4,2025-03-04
adsfac.eu,15,0,2025-01-17
wendise.com,15,0,2025-02-15
donsadoptacar.net,15,0,2025-03-03
elmercurio.com,15,0,2025-07-21
tourisme-conques.fr,15,8,2025-03-13
video-bookmark.com,15,2,2025-10-29
talad-pra.com,15,5,2025-02-19
viesearch.com,15,5,2025-07-03
thegoldwater.com,15,0,2025-04-24
google.com.bn,15,0,2025-02-13
google.com.tw,15,0,2025-05-13
ratnagirihapus.store,15,7,2022-11-28
blogoscience.com,15,4,2025-10-01
thekatyblog.com,15,2,2026-04-13
mydosti.com,15,0,2025-04-22
shogundojo.com,15,0,2026-03-01
nosbusiness.com.br,15,0,2023-12-29
kartinki.net,15,0,2025-03-23
google.tt,15,6,2025-02-14
google.com.af,14,5,2025-02-20
blackblaze.ru,14,0,2025-04-05
winkelvandedijk.nl,14,0,2025-02-14
welcomepage.ca,14,0,2025-04-27
portaldasantaifigenia.com.br,14,0,2025-03-28
shopinbuffalo.com,14,0,2025-02-15
eservicecorp.ca,14,0,2025-02-14
dj-enzo.net,14,0,2025-02-18
07770555.com,14,0,2025-03-31
1000love.net,14,0,2023-11-02
fits.in,14,0,2025-08-27
exigen.com.au,14,0,2025-03-26
ab-search.com,14,0,2025-03-13
dealtoday.com.mt,14,0,2024-05-05
goldfishlegs.ca,14,0,2025-03-18
google.bi,14,0,2025-03-19
google.je,14,0,2025-05-29
sitescout.com,14,0,2024-10-22
ogni.com,14,0,2025-05-10
ocoderre.com,14,4,2025-05-22
blogdigy.com,14,4,2025-03-18
snack-blog.com,14,0,2025-03-05
vacationrentals411.com,14,0,2024-07-03
thislife.net,14,0,2025-04-13
kgbinternet.com,14,0,2025-03-03
google.ne,14,0,2025-06-10
ugukan.net,14,0,2025-04-01
hotnakedsluts.net,14,0,2025-03-01
ikonet.com,14,9,2025-02-15
591.com.tw,14,0,2025-02-02
williz.info,13,3,2025-03-23
agle2.me,13,0,2025-02-23
dejmidarek.cz,13,0,2023-02-12
dawgshed.com,13,3,2025-03-17
wifewoman.com,13,0,2025-03-14
welfareeuropa.it,13,0,2025-02-14
hotteensrelax.com,13,0,2025-03-05
lynms.edu.hk,13,0,2025-03-24
iqmuseum.mn,13,0,2025-04-09
joomlinks.org,13,0,2025-06-05
xg4ken.com,13,0,2025-02-14
iga-y.com,13,1,2025-02-24
google.co.vi,13,0,2025-03-08
takesato.org,13,0,2025-02-13
suza.ac.tz,13,0,2025-02-11
fuckundies.com,13,0,2025-02-24
fernbase.org,13,3,2025-02-16
fujidenwa.com,13,0,2025-05-08
strana.co.il,13,0,2025-02-18
thenerdsblog.com,13,2,2025-02-22
terryrosen.com,13,0,2025-05-08
google.com.sl,13,0,2025-02-12
oo7.jp,13,0,2025-07-02
blogsidea.com,13,1,2025-02-24
bloggerchest.com,13,5,2025-03-03
google.gm,13,0,2025-02-12
google.com.mt,13,7,2025-03-31
prepformula.com,13,0,2025-03-13
google.com.tj,13,0,2025-03-08
mediu.edu.my,13,0,2025-02-11
google.mu,13,5,2025-03-08
nch.ca,13,0,2025-03-08
neon.today,13,2,2025-06-10
motoring.vn,13,0,2025-02-23
mojagaraza.rs,13,6,2025-03-26
hazebbs.com,13,1,2025-07-27
letterpop.com,13,0,2025-03-16
juicyoldpussy.com,13,0,2025-02-15
google.co.tz,13,0,2025-03-19
ratnagirihapus.shop,13,46,2026-03-20
russiantownradio.net,13,0,2025-02-01
gogvo.com,13,3,2025-01-25
parkhomesales.com,12,0,2023-07-31
ourger.com,12,0,2024-02-06
cityzen.io,12,0,2025-02-04
arpas.com.tr,12,0,2025-06-01
vertmarkets.com,12,0,2024-10-31
aontasnascribhneoiri.ie,12,2,2025-06-01
shenqixiangsu.com,12,0,2022-11-23
google.hn,12,0,2025-03-23
shopinsanantonio.com,12,0,2025-02-20
gestware.pt,12,0,2024-07-19
theparkerapp.com,12,0,2025-09-26
auscelebs.net,12,7,2025-03-08
kcm.kr,12,0,2025-06-15
ahmedabadbytes.com,12,0,2025-02-14
yoosure.com,12,0,2025-05-31
5ivestarlondon.com,12,0,2024-05-11
whitelistdelivery.com,12,0,2025-03-04
influenciveindia.in,12,0,2025-02-11
huoyugame.com,12,0,2025-05-24
hindustanmetro.com,12,4,2025-02-23
iljmp.com,12,0,2025-03-20
isuperpage.co.kr,12,0,2025-03-19
вашстих.рф,12,0,2025-02-28
divine-id.com,12,0,2022-11-25
3xse.com,12,0,2025-03-30
tapatalk.com,12,0,2025-02-01
gotoandplay.it,12,0,2023-07-24
google.im,12,0,2025-03-20
mein-sonntag.de,12,0,2023-12-07
link4blogs.com,12,2,2025-02-25
bubblelife.com,12,7,2024-05-04
livecmc.com,12,0,2025-03-01
google.com.np,12,11,2025-03-22
blog2news.com,12,2,2025-12-26
blogolenta.com,12,1,2025-10-02
ntop.tv,12,0,2023-03-28
lontrue.com,11,0,2024-05-30
affilicon.net,11,0,2025-02-20
agent123.com,11,0,2025-02-25
advangelists.com,11,0,2023-06-14
dcschool.org,11,0,2025-03-19
wilsonlearning.com,11,7,2025-10-29
alfa.mk,11,0,2023-08-26
agkn.com,11,0,2023-11-29
wordyou.ru,11,0,2023-04-19
m-thong.com,11,4,2025-10-20
marathon.ru,11,0,2023-08-02
hh-bbs.com,11,0,2025-02-17
isahd.ae,11,0,2023-02-24
id.uz,11,0,2025-02-18
yurit.net,11,0,2025-06-16
30secondstomars.ru,11,0,2025-04-30
wetmaturepussies.com,11,0,2025-03-03
metod-kopilka.ru,11,3,2025-02-11
mobilestation.jp,11,0,2025-10-25
moero.net,11,0,2022-11-23
mojocube.com,11,0,2025-03-04
bovec.net,11,5,2025-10-08
guerradetitanes.net,11,5,2025-03-26
bradley.edu,11,10,2025-03-12
pooltables.ca,11,0,2025-05-11
blogcudinti.com,11,2,2025-04-25
blogads.com,11,0,2025-03-04
google.com.iq,11,0,2025-02-13
google.com.gt,11,0,2025-03-16
bytecheck.com,11,5,2025-03-24
c9w.net,11,0,2025-02-11
buya2z.net,11,0,2025-02-25
google.com.qa,11,0,2025-03-10
capelinks.com,11,2,2025-02-15
nishiyama-takeshi.com,11,3,2025-03-16
novinavaransanat.com,11,1,2025-03-20
netcentrum.cz,11,0,2025-03-12
google.gp,11,0,2025-04-06
google.ht,11,0,2025-03-04
google.ee,11,0,2025-05-05
blogocial.com,11,4,2025-06-24
ojomistico.com,11,0,2024-10-06
blogdomago.com,11,0,2025-12-12
hanamura.shop,11,0,2025-03-08
joblinkapply.com,11,0,2024-09-29
harnessmaster.com,11,2,2024-06-09
linkdata.org,11,0,2025-03-26
jumpw.com,11,0,2023-04-20
livebloggs.com,11,1,2025-08-08
nanpuu.jp,11,6,2025-11-11
google.gg,11,0,2025-03-31
nbbs.biz,11,0,2025-02-26
safe.zone,11,6,2025-05-28
p3k.io,11,0,2025-02-13
peak.mn,11,0,2024-10-31
pearlevision.com,11,12,2025-02-13
theobloggers.com,11,1,2025-03-02
thetileryatp.com,11,0,2025-03-25
gaxclan.de,11,0,2025-10-14
gettyimages.ru,11,0,2025-07-14
cherrybb.jp,11,0,2025-08-28
china-lottery.net,11,0,2023-02-04
chromefans.org,11,0,2025-04-06
centralbuckschamber.com,11,0,2025-03-25
google.co.ug,11,0,2025-04-05
orthlib.ru,11,0,2024-08-13
rushnsp.org.au,11,0,2025-02-23
stevelukather.com,11,7,2025-06-06
stapleheadquarters.com,11,0,2025-05-23
softplace.it,11,0,2022-11-23
sidex.ru,11,0,2025-02-17
site.com,11,17,2025-02-12
steephill.tv,11,5,2025-02-18
stephenshouseandgardens.com,11,0,2025-02-22
takehp.com,11,0,2024-10-03
sufficientlyremarkable.com,11,0,2025-02-11
arcosnetwork.org,11,0,2024-03-07
theharbour.org.nz,11,0,2025-03-07
anahit.fr,11,0,2025-03-09
urc.ac.ru,11,0,2024-09-20
travelalerts.ca,11,4,2025-04-16
garagebiz.ru,11,0,2025-02-12
urmotors.com,11,1,2025-03-27
unifrance.org,11,12,2025-02-12
eac.com.au,11,0,2025-02-19
edgar-online.com,11,0,2024-06-18
fijitimes.com,11,0,2025-02-13
3danimeworld.com,11,0,2025-03-18
pdcn.co,10,0,2025-02-10
17ll.com,10,0,2024-05-04
xdgkwl.com,10,0,2025-03-19
jobmarket.com.hk,10,0,2025-10-11
iasb.com,10,0,2025-04-19
vacco.com,10,0,2025-02-23
vavilovsar.ru,10,0,2025-02-12
exelator.com,10,0,2024-05-02
dramonline.org,10,0,2025-02-17
emtg.jp,10,0,2025-02-03
paltalk.com,10,10,2025-03-09
guilinwalking.com,10,0,2025-02-23
bse.com.lb,10,0,2022-11-23
shavermfg.com,10,0,2025-05-23
arakhne.org,10,0,2025-06-28
ppeci.com,10,0,2025-05-01
marciatravessoni.com.br,10,0,2025-03-31
brac.com,10,0,2024-02-24
vasya.pro,10,0,2025-11-09
seo-anomaly-s4.xyz,10,0,2026-04-20
seo-anomaly-s9.xyz,10,0,2026-04-19
seo-anomaly-s5.xyz,10,0,2026-04-16
seo-anomaly-s10.xyz,10,0,2026-04-15
tsijournals.com,10,0,2024-09-14
crealytics.com,10,0,2024-05-08
ttblogs.com,10,7,2025-08-08
roscomsport.com,10,0,2025-02-15
savta.org,10,0,2025-03-25
thezenweb.com,10,5,2025-06-10
google.com.bo,10,0,2025-03-14
tladies.com,10,0,2025-04-07
tiwar.ru,10,8,2025-05-15
google.co.mz,10,0,2025-03-02
pinpointmarketing.ca,10,0,2025-05-11
wartank.ru,10,9,2025-12-18
pingfarm.com,10,4,2025-06-15
planeta.tv,10,0,2025-04-02
pluxe.net,10,4,2025-05-05
seo-anomaly-s1.xyz,10,0,2026-04-19
ypcdn.com,10,0,2025-02-12
canadiandays.ca,10,0,2023-04-07
seo-anomaly-s6.xyz,10,0,2026-04-20
blogsvirals.com,10,0,2025-12-12
blogsmine.com,10,1,2025-09-30
google.com.ni,10,0,2025-03-15
baabar.mn,10,0,2025-02-22
seo-anomaly-s7.xyz,10,0,2026-04-20
seo-anomaly-s8.xyz,10,0,2026-04-19
google.co.ke,10,0,2025-02-20
seo-anomaly-s2.xyz,10,0,2026-04-17
seo-anomaly-s3.xyz,10,0,2026-04-16
marillion.com,10,0,2025-02-14
senoleczanesi.com.tr,10,0,2025-02-12
google.be,9,0,2025-06-10
seafood.media,9,0,2025-03-29
probsee.com,9,0,2026-06-22
google.bf,9,0,2025-03-29
chemposite.com,9,2,2025-05-23
bsumzug.de,9,0,2025-02-20
heroesworld.ru,9,0,2025-04-19
google.lv,9,11,2025-03-05
or.jp,9,0,2024-12-04
google.pt,9,0,2025-03-20
bloggin-ads.com,9,4,2025-10-01
business.com.tm,9,0,2024-03-29
logocritiques.com,9,0,2025-10-08
lbcivils.co.uk,9,0,2025-04-30
angrybirds.su,9,0,2025-04-02
kitchencabinetsdirectory.com,9,0,2025-05-28
einkaufen-in-stuttgart.de,9,0,2025-03-01
businessnlpacademy.co.uk,9,0,2025-02-16
google.iq,9,0,2025-02-21
google.fi,9,0,2025-02-18
google.com.ly,9,0,2025-03-03
google.bt,9,0,2025-04-19
mariononline.com,9,0,2024-09-09
ithy.com,9,7,2025-03-10
wintv.com.au,9,0,2025-05-14
stanley-bostitch.de,9,0,2025-05-22
spacioclub.ru,9,0,2025-03-24
sophie-decor.com.ua,9,0,2024-10-28
themacresourcesgroup.com,9,0,2025-02-16
sassyj.net,9,0,2025-03-01
shopinboston.com,9,0,2024-11-09
sunnymake.com,9,3,2026-08-12
startisrael.co.il,9,0,2024-03-12
skladcom.ru,9,0,2025-02-20
sublimestore.jp,9,0,2025-04-24
blogars.com,9,3,2025-03-28
blazingblog.com,9,1,2025-09-09
commodity-board.com,9,3,2026-06-18
cro.media,9,4,2026-03-28
ojrz.com,9,0,2025-02-17
blogrenanda.com,9,1,2025-09-30
nnmfjj.com,9,0,2025-03-22
google.com.sg,9,0,2025-02-14
c3rb.net,9,0,2025-03-24
request-response.com,9,0,2025-05-05
ohremedia.cz,9,0,2025-03-26
poliklinika-sebetic.hr,8,0,2025-03-26
xneox.com,8,3,2025-10-19
mybjjblog.com,8,2,2025-10-02
platon.org,8,1,2026-03-05
cindylaup.com,8,0,2026-06-28
chekrs.com,8,0,2025-02-19
mybuzzblog.com,8,10,2026-01-24
ivasdesign.com,8,4,2026-05-26
google.kz,8,0,2025-02-21
google.gr,8,0,2025-04-01
google.es,8,0,2025-04-24
maritimeclassiccars.com,8,0,2025-03-31
mydnstats.com,8,0,2026-04-20
google.ch,8,0,2025-03-28
thinktheology.co.uk,8,0,2025-06-08
physiobase.com,8,0,2025-02-24
google.bg,8,0,2025-03-31
google.com.pe,8,0,2025-03-31
sch.id,8,0,2025-02-22
google.com.bd,8,0,2025-03-09
marathiwikipedia.com,8,0,2025-02-20
ontwerpbureaudries.be,8,0,2025-11-23
halfmoon.jp,8,0,2025-05-16
vblogetin.com,8,1,2026-05-18
lannipietro.com,8,0,2025-02-24
leefleming.com,8,0,2025-02-15
exclusivehouseholdstaff.com,8,0,2025-05-05
valleysolutionsinc.com,8,1,2025-09-20
pfan.cn,8,0,2025-02-14
whsjsoft.com,8,0,2023-09-06
worldblogged.com,8,3,2025-10-03
bing.com,8,22,2025-09-15
storeprofiles.com,8,0,2026-08-27
onesky.ca,8,1,2025-08-23
uoft.me,8,3,2025-05-28
localmeatmilkeggs.org,8,4,2025-03-18
assortedgarbage.com,8,0,2026-03-01
google.rw,8,0,2025-04-11
google.lt,8,0,2025-04-13
17track.net,8,17,2025-11-04
blog5.net,8,2,2026-03-03
ixawiki.com,8,0,2025-03-10
stazionedellarte.com,8,0,2025-03-27
tuili.com,8,0,2022-11-23
google.it,8,0,2025-03-30
google.dz,8,0,2025-03-15
google.com.lb,8,11,2025-03-17
freelistingindia.in,8,7,2025-09-18
newbigblog.com,8,8,2025-10-01
responsivedesignchecker.com,8,4,2025-02-11
funadvice.com,8,5,2025-10-30
merchantdata.in,8,0,2026-09-18
radblogger.net,8,0,2026-05-08
google.co.cr,8,0,2025-02-12
regentmedicalcare.com,8,0,2025-04-12
itsmachas.com,8,0,2025-04-24
google.com.kh,8,0,2025-02-24
tmsmed.net,8,0,2025-05-01
riverturn.com,8,0,2025-07-31
asg.to,7,12,2025-10-28
blogprodesign.com,7,1,2025-10-01
blogkoo.com,7,4,2025-03-18
google.so,7,0,2025-02-21
oncreativity.tv,7,0,2025-12-24
bravebabes.com,7,0,2025-03-27
amoblog.com,7,3,2025-03-18
alltdesign.com,7,1,2025-03-19
hange.jp,7,10,2025-02-18
google.se,7,15,2025-02-28
google.mg,7,0,2025-12-15
bro-bra.jp,7,0,2025-02-12
bioguiden.se,7,0,2025-03-14
dreamcafe.info,7,0,2025-02-17
edfella-yestoday.com,7,0,2025-02-17
tblogz.com,7,1,2025-03-18
w-ecolife.com,7,0,2025-06-16
educationalimpactblog.com,7,4,2025-12-27
ereality.ru,7,8,2025-10-28
stmarysbournest.com,7,4,2025-02-13
pathery.com,7,0,2025-11-25
jachta.lt,7,1,2025-02-26
devgadmangoes.com,7,14,2025-02-14
designertoblog.com,7,6,2025-10-26
idblogz.com,7,1,2025-10-03
hotfairies.net,7,0,2024-05-13
hld.in,7,0,2024-02-08
alphonsomango.shop,7,34,2025-03-01
blogrelation.com,7,3,2025-10-01
canariblogs.com,7,4,2025-03-18
mardigrasparadeschedule.com,7,0,2025-10-29
total-blog.com,7,3,2025-03-20
reinhardt-online.com,7,0,2025-02-19
cline-financial.com,7,0,2025-03-16
pronets.ru,7,0,2025-03-13
ogilvyspirits.com,7,0,2025-05-20
ctaoci.com,7,0,2025-02-19
uzblog.net,7,3,2025-03-19
unlitrader.com,7,0,2025-03-31
tribunablog.com,7,5,2025-06-02
google.cz,7,0,2025-02-27
asbestosfife.co.uk,7,0,2025-02-18
atomex.net,7,0,2025-04-23
google.com.uy,7,0,2025-05-15
blogdon.net,7,4,2025-03-18
mccawandcompany.com,7,0,2025-05-10
cbckl.kr,7,0,2025-02-21
google.com.hk,7,0,2025-05-13
google.com.co,7,0,2025-04-14
google.com.cy,7,11,2025-04-04
thewebhostbiz.com,7,1,2025-05-15
google.al,7,0,2025-06-16
blogzet.com,7,2,2025-07-23
google.ca,7,0,2025-03-25
google.com.cu,7,0,2025-03-20
itsjerryandharry.com,7,5,2025-06-01
instya.com,7,0,2025-09-26
isblog.net,7,1,2025-05-07
digitollblog.com,7,2,2025-10-01
phanquang.vn,7,0,2025-05-01
ageeksblog.com,6,0,2025-02-26
egernsund-tegl.com,6,0,2025-02-13
shopindenver.com,6,0,2025-04-12
shotblogs.com,6,1,2025-03-17
showdays.info,6,0,2025-02-27
siap-online.com,6,9,2026-03-30
suomiblog.com,6,1,2025-03-19
antoniopacelli.com,6,0,2025-03-12
appenninobianco.it,6,0,2025-03-15
appspot.com,6,0,2025-05-30
eedblog.com,6,1,2026-05-18
essenmitfreude.de,6,0,2025-05-18
siit.co,6,11,2025-03-19
drugs.ie,6,0,2025-02-20
anchor-blog.com,6,2,2025-08-08
anson.com.tw,6,0,2025-02-23
targetblogs.com,6,1,2026-03-01
lapulguia.mx,6,0,2026-03-15
geriatia.es,6,0,2025-05-15
thompson.co.uk,6,0,2025-05-20
cdj-bouffort.com,6,0,2026-04-17
google.cl,6,0,2025-06-04
parsdata.com,6,0,2025-02-27
morgeneyer.de,6,0,2026-02-26
sensationalsoy.ca,6,0,2025-03-04
myoresearch.com,6,7,2025-12-02
thisisstatic.com,6,0,2025-08-05
xiuang.tw,6,0,2025-05-31
yaguo.ru,6,0,2025-04-01
windowssearch-exp.com,6,0,2025-09-05
zippyapp.com,6,7,2025-03-29
wixsite.com,6,0,2025-08-04
bhs-links-r15.xyz,6,0,2026-06-20
linkytools.com,6,3,2025-05-10
harikyu.in,6,0,2025-02-16
hobowars.com,6,0,2025-02-11
fer.es,6,9,2025-04-22
alpa.org,6,0,2025-04-29
bhs-links-r14.xyz,6,0,2026-06-19
novalogic.com,6,0,2025-03-02
novo-sibirsk.ru,6,9,2025-03-05
nowlifestyle.com,6,0,2025-04-21
pages.dev,6,0,2025-10-02
eyemetrics.co.jp,6,0,2025-02-11
eticostat.it,6,0,2025-03-27
bhs-links-r2.xyz,6,0,2026-06-21
bhs-links-r20.xyz,6,0,2026-06-20
bhs-links-r12.xyz,6,0,2026-06-20
bhs-links-r13.xyz,6,0,2026-06-20
orangeskin.com,6,0,2025-02-15
rojo.jp,6,0,2025-03-12
schwarzreport.org,6,0,2025-02-13
scivideoblog.com,6,0,2025-06-17
google.am,6,0,2025-11-11
bluxeblog.com,6,1,2025-12-11
rickyz.jp,6,0,2026-02-21
booklikes.com,6,5,2025-08-26
therepublicglobal.com,6,0,2024-12-24
global56.com,6,0,2025-03-27
gmwebsite.com,6,0,2025-02-04
google.com.ar,6,15,2025-04-16
google.com.gh,6,10,2025-03-17
bostitch.co.uk,6,0,2025-05-19
bostitch.eu,6,0,2025-02-24
grupoplasticosferro.com,6,0,2025-04-01
bhs-links-r16.xyz,6,0,2026-06-20
bhs-links-r17.xyz,6,0,2026-06-20
bhs-links-r18.xyz,6,0,2026-06-19
bhs-links-r19.xyz,6,0,2026-06-20
bhs-links-r10.xyz,6,0,2026-06-19
bhs-links-r11.xyz,6,0,2026-06-19
maksimjet.hr,6,0,2025-04-03
theboldindia.com,6,0,2026-04-30
teixido.co,6,0,2025-06-02
assertivenorthwest.com,6,0,2025-02-11
lotus-europa.com,6,1,2026-03-16
google.tn,6,6,2025-04-21
nakayama-dr.jp,6,2,2025-03-06
puravida.co.in,6,0,2026-04-19
nika.name,6,0,2025-06-02
prillante.com,6,1,2025-10-31
foalsbeststart.com,6,0,2025-04-09
fitnell.com,6,1,2025-08-09
gambas-basic.org,6,0,2025-10-22
myworldgo.com,6,1,2025-04-08
nabchelny.ru,6,0,2025-04-05
google.co.bw,6,5,2025-02-19
google.co.il,6,0,2025-06-26
mech.vg,6,0,2025-02-26
prwaala.com,6,0,2026-05-12
google.com.mm,6,9,2025-03-10
bytesinternet.com,6,0,2026-05-17
camfrog.com,6,9,2025-04-02
capecoddaily.com,6,0,2025-05-22
byramtwp.org,6,0,2025-02-16
blogminds.com,6,3,2025-03-17
google.li,6,0,2025-02-16
trevaskisfarm.co.uk,6,0,2025-02-24
blogdemls.com,6,1,2025-10-02
google.hr,6,15,2025-02-19
google.ie,6,0,2025-04-05
creacionblog.com,6,1,2025-09-18
google.gl,6,0,2025-06-23
zyteq.com.au,6,0,2025-02-25
adcreativevideo.com,6,0,2026-08-04
aldonauto.com,6,0,2025-03-26
paulrucker.com,6,2,2026-01-24
wwx.tw,6,0,2026-05-29
aboutyoublog.com,6,2,2025-12-12
igbwire.com,6,0,2026-08-02
ighome.com,6,0,2025-03-30
kelyphos.com,6,0,2025-05-01
izrablog.com,6,3,2025-11-30
hudsonltd.com,6,0,2025-02-14
humanproof.com,6,0,2025-05-28
suche6.ch,6,0,2025-02-19
htcdev.com,6,7,2025-04-08
stadtdesign.com,6,0,2025-02-15
bausch.kr,6,6,2025-05-04
zanostroy.ru,6,0,2025-12-16
wants.cfd,6,5,2026-05-10
dixys.com,6,0,2025-03-05
kellyoakleyphotography.com,6,0,2025-02-09
bhs-links-r1.xyz,6,0,2026-06-20
bhs-links-r7.xyz,6,0,2026-06-20
bhs-links-r8.xyz,6,0,2026-06-19
wdvstudios.be,6,0,2025-05-25
verybigblog.com,6,3,2026-02-13
platon.sk,6,4,2025-06-02
bhs-links-r9.xyz,6,0,2026-06-19
popularreads.co,6,0,2025-03-15
bhs-links-r3.xyz,6,0,2026-06-19
bhs-links-r4.xyz,6,0,2026-06-19
bhs-links-r5.xyz,6,0,2026-06-20
bhs-links-r6.xyz,6,0,2026-06-20
drakensang.com,5,9,2025-07-03
warthunder.com,5,14,2025-06-10
so.it,5,0,2025-02-21
jackedfreaks.com,5,1,2025-04-08
dcrjs.com,5,0,2025-02-10
insai.ru,5,3,2026-02-21
google.com.bh,5,0,2025-04-21
google.com.au,5,0,2025-05-12
google.sm,5,0,2025-11-10
google.ro,5,0,2025-04-17
google.la,5,0,2025-06-22
custodiansofthehaq.co.za,5,0,2025-08-07
uem.br,5,0,2025-02-22
google.ps,5,4,2025-04-16
google.sk,5,0,2025-04-15
google.kg,5,0,2026-03-25
google.jo,5,0,2025-05-01
google.ge,5,0,2025-02-12
google.dm,5,0,2025-11-12
google.com.py,5,9,2025-04-03
google.fm,5,0,2025-05-05
google.fr,5,0,2025-04-25
azurewebsites.net,5,0,2025-04-12
google.com.sa,5,0,2025-05-19
dakke.co,5,0,2024-10-02
accesstrade.com.vn,5,0,2025-05-02
greenmarketing.com,5,0,2025-02-17
google.com.ai,5,0,2025-12-11
lzmfjj.com,5,0,2025-04-01
lozenec-lan.net,5,0,2025-07-18
openflyers.com,5,0,2025-05-30
fcterc.gov.ng,5,0,2025-02-16
google.co.kr,5,0,2025-06-10
ecwusers.com,5,0,2025-08-17
veletrhyavystavy.cz,5,0,2025-03-26
etarp.com,5,0,2025-12-07
espressotiamo.com,5,0,2025-05-26
google.co.ma,5,9,2025-03-11
kokuryudo.com,5,4,2025-11-20
liberty-blog.com,5,0,2025-08-08
swingplanit.com,5,0,2025-09-14
blog-eye.com,5,2,2025-10-01
wikipedia.org,5,46,2025-02-11
thewebcomiclist.com,5,0,2025-04-02
vdigger.com,5,7,2025-03-17
everleap.com,5,3,2025-06-06
google.mw,5,0,2025-07-05
google.st,5,0,2025-04-03
google.tg,5,0,2025-05-10
google.nl,5,0,2025-04-23
problems.in,5,18,2026-02-22
newzgc.com,5,0,2025-03-24
google.at,5,0,2025-05-19
forokymco.es,5,0,2025-12-01
transportescallizo.com,5,3,2025-02-26
google.co.id,5,0,2025-04-13
google.co.ck,5,0,2025-06-17
cantonfair.org.cn,5,12,2025-08-31
google.ae,5,0,2025-03-03
google.ad,5,0,2025-04-05
tokka-blog.com,5,1,2025-03-27
glynegap.org,5,0,2025-02-13
theprairiegroup.com,5,0,2025-02-26
google.com.eg,5,0,2025-04-01
bluecantera.com,5,0,2026-03-23
rotatesites.com,5,0,2026-05-07
google.com.ec,5,8,2025-02-23
google.com.do,5,8,2025-02-10
wssblogs.com,4,0,2025-10-24
wup.pl,4,0,2025-06-21
dailygossiponline.com,4,0,2026-03-20
davidpawson.org,4,0,2026-08-06
bbsex.org,4,0,2026-03-31
basinturu.news,4,0,2025-03-28
versontwerp.nl,4,0,2025-03-12
discoverweekly.co,4,0,2026-04-02
plantenvinder.nl,4,0,2025-03-24
wargaming.net,4,0,2025-06-24
kingranks.com,4,0,2026-03-30
hubbry.com,4,0,2025-12-20
includingselfgrowth.com,4,5,2026-03-05
idtodance.com,4,0,2026-03-26
itsh.edu.mk,4,0,2025-02-16
ingrosso-moda.it,4,0,2025-03-27
socialmediastore.net,4,3,2026-04-05
speakrus.ru,4,0,2025-02-25
weebly.com,4,0,2025-10-26
dailystreetjournal.com,4,0,2026-03-22
ufabettererm4.com,4,0,2026-08-06
blogdosaga.com,4,2,2025-10-09
techno-press.org,4,0,2025-03-27
shelfglance.com,4,0,2026-09-04
takes.sbs,4,0,2026-02-22
google.ws,4,0,2025-03-04
google.si,4,8,2025-02-20
goreaditright.com,4,0,2025-12-22
loome.net,4,0,2024-05-12
archive-hu.com,4,0,2026-08-11
google.to,4,0,2026-05-18
meon.com.br,4,0,2025-03-26
netecweb.org,4,0,2025-03-26
google.co.jp,4,0,2026-03-26
qingkezg.com,4,0,2025-09-10
google.no,4,15,2025-02-19
google.com.om,4,0,2026-06-12
google.com.pr,4,7,2025-02-24
blogitright.com,4,2,2025-10-01
okna-de.ru,4,0,2025-12-05
google.ki,4,0,2025-08-27
alestat.com,4,2,2026-05-31
danayab.com,4,0,2025-09-20
deejayspider.com,4,0,2025-10-01
passportyachts.com,4,0,2026-03-24
cunninghamadv.com,4,0,2026-04-22
google.rs,4,13,2025-03-09
blogpayz.com,4,0,2026-01-23
rimallnews.com,4,1,2025-06-13
redirect.cl,4,0,2025-10-11
bookmarkbirth.com,4,3,2025-04-26
blogunok.com,4,0,2025-09-30
globalbx.com,4,0,2026-01-12
google.as,4,5,2025-02-20
allare.io,4,0,2026-04-07
hairremoval.in,4,0,2026-02-24
herokuapp.com,4,0,2025-03-14
hasgeek.com,4,0,2026-03-20
linkcentre.com,4,5,2026-04-09
vatechniques.com,4,0,2025-12-10
farmvelly.shop,4,0,2026-05-18
fare-blog.com,4,0,2025-10-26
oceanaresidences.com,4,0,2025-03-17
scanverify.com,4,0,2025-11-05
sharebyblog.com,4,1,2025-10-01
or.id,4,0,2025-04-27
msnho.com,4,1,2026-05-01
mylisthero.com,4,0,2026-08-05
google.by,4,0,2025-06-19
sanatoria.org,4,0,2025-04-12
google.co.ls,4,0,2025-04-03
google.com.br,4,0,2025-03-29
cim.bg,4,0,2025-02-18
geokniga.org,4,8,2025-03-26
chordmp3.net,4,0,2026-08-11
chped.com,4,0,2025-09-12
chinatio2.net,4,0,2026-03-12
chal.org,4,0,2025-09-18
ztndz.com,4,15,2025-10-10
ladyskfashion.com,4,0,2026-03-16
tannda.net,4,0,2026-04-07
knows.sbs,4,5,2026-01-19
like-blogs.com,4,0,2026-05-18
duo.vn,4,0,2026-03-11
lbb.in,4,14,2026-02-21
dsl.sk,4,0,2025-04-11
hostprinter.com,3,0,2026-07-06
co.com,3,0,2026-08-30
firstguestpost.com,3,0,2026-08-09
containerking.co.uk,3,0,2025-02-28
conquerclub.com,3,5,2026-01-08
leasedadspace.com,3,0,2026-02-26
lebrands.space,3,0,2026-09-17
combinedlimousines.com,3,0,2026-05-02
tetsumania.net,3,0,2025-03-09
sports.md,3,0,2025-08-19
google.ng,3,0,2026-04-22
shanzytechs.site,3,0,2026-09-08
gladeflowers.com,3,0,2026-08-03
google.vu,3,0,2025-04-12
google.pl,3,0,2026-03-17
google.cv,3,0,2026-06-17
google.de,3,0,2026-04-27
google.com.tr,3,0,2025-05-15
seo-cartel-0-180.xyz,3,7,2026-09-05
fordhampoliticalreview.org,3,4,2026-03-31
southfwb.com,3,0,2026-08-17
icelisting.com,3,0,2026-05-17
hvgllc.com,3,0,2026-04-01
steemit.com,3,16,2026-05-05
spiritfanfiction.com,3,0,2025-02-15
ptnam.com,3,0,2025-02-15
treasuredays.com,3,0,2025-06-18
uncledspizza.com,3,0,2026-08-06
hylistings.com,3,0,2026-04-26
hookal.com,3,0,2026-07-13
currentchron.com,3,0,2026-09-01
cssdrive.com,3,0,2025-09-09
tropicalfruitforum.com,3,0,2026-03-13
faustos.com,3,0,2025-04-08
communio-icr.com,3,0,2026-05-07
nexugsolar.com,3,0,2025-06-01
t10.org,3,0,2025-03-12
homesforsaleoldgreenwichct.com,3,0,2026-08-12
honsagashi.net,3,0,2025-09-09
skoladesignu.sk,3,0,2026-04-08
google.co.za,3,0,2026-05-24
google.com.ph,3,17,2025-03-16
seo-cartel-0-176.xyz,3,0,2026-09-03
seo-cartel-0-177.xyz,3,7,2026-09-04
mexmat.ru,3,0,2025-09-11
masteram.us,3,2,2025-09-22
seo-cartel-0-183.xyz,3,0,2026-09-04
seo-cartel-0-184.xyz,3,0,2026-09-04
seo-cartel-0-185.xyz,3,0,2026-09-05
seo-cartel-0-181.xyz,3,0,2026-09-05
seo-cartel-0-172.xyz,3,0,2026-09-02
seo-cartel-0-173.xyz,3,0,2026-09-04
seo-cartel-0-174.xyz,3,0,2026-09-02
seo-cartel-0-175.xyz,3,0,2026-09-02
bookmarkedblog.com,3,0,2025-07-07
sanook.com,3,0,2025-05-25
scga.org,3,9,2025-05-09
securityheaders.com,3,8,2025-04-30
monyomonyo.net,3,0,2025-02-28
seo-cartel-0-171.xyz,3,0,2026-09-02
seo-cartel-0-182.xyz,3,0,2026-09-04
thecoxteam.com,3,0,2025-12-28
glarity.app,3,6,2025-06-26
seo-cartel-0-187.xyz,3,7,2026-09-05
seo-cartel-0-188.xyz,3,0,2026-09-04
seo-cartel-0-189.xyz,3,0,2026-09-05
seo-cartel-0-190.xyz,3,0,2026-09-03
seodomains.website,3,0,2026-03-25
seo-cartel-0-178.xyz,3,0,2026-09-05
google.co.in,3,0,2025-09-20
livemint24.com,3,0,2025-01-27
ratingkey.com,3,0,2026-05-04
gavgav.info,3,0,2026-03-03
seo-cartel-0-186.xyz,3,0,2026-09-02
thrinacia.com,3,3,2026-05-01
catalog.in,3,6,2026-03-20
thedainikbharat.com,3,0,2026-04-21
google.co.nz,3,0,2025-11-25
mediafort.ru,3,0,2025-07-14
seo-cartel-0-179.xyz,3,0,2026-09-04
dmas.dk,3,1,2026-04-15
vov.to,3,0,2025-08-19
pennergame.de,3,8,2025-04-12
wihomes.com,3,0,2025-02-15
vojni-ordinarijat.hr,3,0,2025-09-10
pba.ph,3,0,2025-05-02
p-tweets.com,3,0,2026-01-11
edcommunity.ru,3,0,2025-09-18
agriis.co.kr,3,0,2026-02-22
best-gyousei.com,3,0,2025-04-08
betwinnermirror.com,3,0,2026-08-05
wordpress.com,3,0,2026-06-18
betulcrime.com,3,0,2026-08-19
webclap.com,3,7,2026-05-30
ephrataministries.org,3,0,2025-09-16
blinks.monster,3,0,2025-12-14
blinks.sbs,3,0,2026-05-19
webranksite.com,3,0,2025-02-19
dstats.net,3,0,2024-10-05
bisprofit.com,3,0,2026-06-28
blackmagicdesign.com,3,16,2025-03-15
agenttru.st,3,0,2026-09-27
dondo.com,3,4,2025-11-10
digitalseotool.com,3,0,2026-07-29
extremetracking.com,3,3,2026-03-28
intensedebate.com,3,8,2025-03-09
ailments.in,3,0,2026-02-22
us.com,3,0,2026-07-10
takes.homes,3,0,2026-06-30
socialmediainuk.com,3,3,2025-08-08
bausch.co.jp,3,10,2025-04-19
acmecomedycompany.com,3,0,2025-12-03
analyticshaven.top,2,0,2026-04-23
redhotbookmarks.com,2,0,2025-04-25
amazingtopics.co,2,0,2026-03-12
reallivesocial.com,2,0,2026-05-25
altbookmark.com,2,0,2026-06-17
ready.pro,2,0,2026-05-21
worldmovingbolivia.com,2,0,2026-03-18
gongkong.com,2,0,2025-04-28
getsocialnetwork.com,2,0,2025-03-26
getsocialpr.com,2,1,2025-03-26
getsocialselling.com,2,0,2026-03-24
getsocialsource.com,2,3,2025-03-26
wolfram.com,2,16,2025-04-04
gettoplists.com,2,0,2025-04-06
wizzardsblog.com,2,0,2026-08-11
toplocal.in,2,0,2026-03-09
topreads.co,2,0,2026-04-03
topsocialplan.com,2,4,2025-03-27
topbilliondirectory.com,2,0,2026-03-10
topicology.co,2,0,2025-02-24
7prbookmarks.com,2,1,2026-04-10
allyourbookmarks.com,2,1,2025-03-25
pageoftoday.com,2,0,2026-06-03
mymarketpost.com,2,0,2026-08-07
martincreed.com,2,0,2025-03-04
orangebookmarks.com,2,1,2026-06-30
ottawainnercityministries.ca,2,2,2025-05-05
onlyhealthydeals.com,2,0,2026-07-09
onvaxs.com,2,0,2026-08-11
opendns.com,2,12,2025-02-20
topicsdaily.com,2,0,2026-04-04
expresskitchendesigns.com,2,0,2026-08-08
everydaynewz.co,2,0,2026-02-22
everydaysubjects.com,2,0,2026-05-07
maroonbookmarks.com,2,2,2025-03-26
bookmarkblast.com,2,1,2026-04-13
rjcentinc.com,2,0,2026-08-09
sb-bookmarking.com,2,1,2026-06-04
urls-shortener.eu,2,0,2026-09-18
utmagazine.ru,2,2,2025-10-25
optimizeflow.top,2,0,2026-06-16
readerspool.com,2,0,2026-02-28
razorpay.com,2,15,2026-03-01
aloysionunes.com,2,0,2026-08-04
restaurant-hum.com,2,0,2026-03-01
docker.com,2,17,2025-12-27
adv.br,2,0,2026-04-03
onlinenursingdegreenow.net,2,0,2026-04-03
onlineshoppingidea.com,2,0,2026-10-01
checkbookmarks.com,2,1,2025-03-26
mypresspage.com,2,5,2025-09-11
chronocenter.com,2,0,2025-09-29
getlisteduae.com,2,4,2026-04-07
geniusbookmarks.com,2,2,2025-06-28
w-goods.info,2,0,2026-04-03
mony.live,2,0,2026-05-15
enrichdaily.com,2,0,2026-02-22
mmnt.org,2,0,2026-03-09
mplhair.com,2,0,2026-03-15
motorsportforums.com,2,2,2026-05-19
classicmovies.in,2,0,2025-07-13
creativeposts.top,2,0,2026-08-17
createwithcheiron.com,2,0,2025-05-17
coruzants.com,2,0,2026-09-08
invelos.com,2,4,2026-03-10
contentpedia.co,2,0,2025-05-24
cruxbookmarks.com,2,0,2026-03-23
express-page.com,2,1,2026-02-15
expertarenas.com,2,0,2026-05-09
fashionclothingnews.com,2,0,2026-08-08
return-gift.com,2,2,2026-04-04
feedbackplatform.io,2,0,2026-07-26
invisalign-doctor.com.au,2,0,2025-07-06
islamcenter.ru,2,0,2026-05-12
commontopics.co,2,0,2025-02-13
puttyandpaint.com,2,0,2025-06-27
nichey.net,2,0,2026-05-07
insta.tel,2,0,2025-11-04
note.com,2,21,2026-04-28
notclosed.com,2,0,2026-04-03
financegoahead.com,2,0,2025-05-07
infojardin.com,2,10,2026-02-12
blogsumer.com,2,0,2025-07-03
blogsphere.top,2,0,2026-06-29
socialmediatotal.com,2,0,2026-03-05
pr8bookmarks.com,2,2,2026-07-06
pristinecleaningsvcs.com,2,0,2026-04-09
printwhatyoulike.com,2,0,2025-04-23
socialnetworkadsinfo.com,2,6,2025-11-29
socialrus.com,2,0,2025-12-02
okfnlabs.org,2,0,2025-11-02
primenewsartical.com,2,0,2026-09-20
prbookmarkingwebsites.com,2,2,2025-04-24
socialstrategie.com,2,3,2026-03-28
socialtechnet.com,2,0,2026-01-03
travelinfos.com,2,0,2026-06-02
trustedrevie.ws,2,7,2025-12-15
unicef.cn,2,0,2025-04-11
isocialfans.com,2,0,2026-04-11
tvsocialnews.com,2,4,2026-04-04
olivebookmarks.com,2,2,2025-04-24
socialskates.com,2,0,2026-07-10
funbookmarking.com,2,1,2025-06-29
som2nynetwork.com,2,0,2026-02-09
trantinopneumatici.it,2,0,2026-03-22
totalbookmarking.com,2,0,2026-04-13
210list.com,2,0,2026-06-07
forbesstories.com,2,0,2026-08-06
fletcherrld.com,2,0,2026-08-09
fittyfoody.com,2,0,2026-07-09
freefromfinder.com,2,0,2026-07-22
nitinenterprises.shop,2,0,2026-09-04
topicstoknow.com,2,0,2025-08-27
topicsreader.com,2,0,2026-02-24
ritmostudio.sg,2,0,2025-02-28
rg-be.ru,2,0,2025-06-21
reviewnav.com,2,0,2026-08-29
mysocialquiz.com,2,4,2026-04-27
mysocialport.com,2,2,2026-04-24
google.az,2,13,2025-04-14
topicseveryday.com,2,0,2026-02-21
free-bookmarking.com,2,1,2025-03-27
mitsui-shopping-park.com,2,0,2025-11-23
internshala.com,2,14,2026-05-20
indianeconomicobserver.com,2,4,2026-03-11
wildrootsbhimtal.in,2,0,2025-12-11
wise-social.com,2,5,2025-03-28
rassollaundry.co.za,2,0,2026-04-22
raiseold.com,2,0,2026-09-20
yourbookmarklist.com,2,1,2026-06-03
cmocheatsheets.com,2,0,2026-08-27
funny-lists.com,2,0,2026-06-12
consumetrue.com,2,0,2026-03-23
companyspage.com,2,1,2026-04-09
quero.party,2,0,2026-07-05
fortunetelleroracle.com,2,3,2026-05-02
socialupme.com,2,4,2026-03-24
socialwebleads.com,2,0,2025-03-26
freshbookmarking.com,2,0,2026-03-27
gatherbookmarks.com,2,0,2026-04-05
gaongatha.com,2,0,2024-03-24
galadon.com,2,2,2026-08-09
yo54.com,2,0,2026-02-26
icanb2c.com,2,0,2026-02-23
bookmarkstown.com,2,0,2025-04-26
sourcifychina.com,2,0,2025-06-01
soulvocable.com,2,0,2026-08-23
stackumbrella.in,2,0,2025-08-04
socialbuzztoday.com,2,2,2025-03-26
bookmarkprobe.com,2,1,2025-04-23
indiabusinesstrade.in,2,4,2026-03-24
bookmarksfocus.com,2,1,2026-05-09
bookmarksden.com,2,1,2025-03-27
thereadersdigest.com,2,0,2024-09-12
bookmarkssocial.com,2,1,2025-03-27
bookmarkswing.com,2,0,2026-03-27
bookmarksusa.com,2,1,2025-03-26
beton.ru,2,0,2025-02-17
bookmarks-hit.com,2,0,2025-10-19
bookmarkrange.com,2,0,2026-06-20
bookmarkquotes.com,2,0,2025-04-25
bookmarkproduct.com,2,2,2026-04-13
social4geek.com,2,3,2026-02-24
social40.com,2,1,2026-05-10
bookmarksbay.com,2,0,2025-04-25
kingbookmark.com,2,0,2025-03-29
kidharmilega.in,2,0,2026-05-06
kentwoodcapital.com,2,0,2025-02-14
socialbuzzfeed.com,2,0,2026-03-28
socialbaskets.com,2,0,2026-03-28
socialaffluent.com,2,0,2025-04-25
slopeofhope.com,2,0,2026-03-08
slighdesign.com,2,0,2026-03-27
skodafreunde.de,2,0,2026-05-01
jake.eu,2,0,2026-01-25
huytonfencing.com,2,0,2026-08-14
jlvisuals.no,2,0,2026-03-02
kahveduragi.com.tr,2,0,2025-05-20
ibmp.ir,2,0,2025-05-05
ijhssnet.com,2,0,2025-09-19
ijbssnet.com,2,0,2026-01-10
inc42.com,2,0,2026-03-21
imblogs.net,2,0,2026-05-08
ilovebookmarking.com,2,0,2025-04-25
smartstimer.com,2,0,2026-09-13
singnalsocial.com,2,4,2026-03-31
social-galaxy.com,2,0,2026-06-26
jobsindubaie.com,2,0,2025-11-17
xiglute.com,2,1,2025-02-17
agoradirectory.com,2,0,2026-03-01
agendabookmarks.com,2,0,2025-03-27
afscme191.org,2,0,2026-05-06
advicebookmarks.com,2,0,2025-03-28
alibaba.com,2,17,2026-04-20
123menlife.com,2,0,2026-04-03
wildbookmarks.com,2,2,2025-04-26
doctorbookmark.com,2,1,2026-04-07
wer-war-hitler.de,2,0,2025-06-08
socialfactories.com,2,7,2026-05-01
oxfordpublish.org,2,2,2026-04-21
patriotnotpartisan.com,2,0,2026-03-20
dailybookmarkhit.com,2,2,2026-07-09
zbookmarkhub.com,2,2,2026-07-07
zanybookmarks.com,2,0,2025-04-24
dealerbaba.com,2,4,2026-09-01
dayofdifference.org.au,2,0,2026-07-31
dailytopic.co,2,0,2026-02-23
developmentmi.com,2,0,2024-01-06
desa.id,2,0,2026-05-01
digitalchatni.com,2,0,2026-08-04
socialmediaentry.com,2,2,2025-03-28
socialexpresions.com,2,2,2026-03-20
socialdummies.com,2,2,2026-06-08
bestwebs123.site,2,0,2026-09-06
bestnz-poker-casinoslot.com,2,0,2026-08-09
wikimapia.org,2,15,2025-03-25
welcome2solutions.com,2,0,2026-03-24
directmysocial.com,2,3,2026-05-19
dns-checker.com,2,0,2025-07-15
dkt.co.at,2,0,2025-03-14
districtaustin.com,2,0,2026-05-15
aajkaltrends.club,2,0,2025-04-26
webnowmedia.com,2,2,2025-09-17
petlovestudio.com,2,0,2026-03-17
perlitemahan.ir,2,0,2026-04-25
pirdu.com,2,0,2026-03-22
pinterest.com,2,23,2025-02-15
phanerosart.com,2,0,2026-08-11
politicallykorrect.net,2,0,2025-09-28
poidata.io,2,0,2025-11-10
wiishlist.com,2,0,2026-05-31
44rev.com,2,1,2026-05-04
57883.net,2,0,2026-01-08
bimocompany.com.br,2,0,2026-03-14
bookmarkpagerank.com,2,1,2025-04-26
loanbookmark.com,2,2,2025-03-26
luminko.shop,2,0,2026-09-22
malone.edu,2,8,2026-03-24
madesocials.com,2,0,2025-04-24
seo-traffic-hub.shop,2,0,2026-10-05
thebookmarkage.com,2,1,2025-03-28
articlecede.com,2,0,2025-08-27
ariabookmarks.com,2,4,2025-04-24
aspnuke.it,2,0,2026-09-12
kingsburybrookfarm.com,2,0,2025-02-14
atomizelink.icu,2,0,2026-06-09
captainu.com,2,0,2025-10-05
bookmarkinglog.com,2,1,2025-03-26
bookmarkinglive.com,2,0,2026-04-18
bookmarkinglife.com,2,0,2025-03-27
bookmarkingdelta.com,2,0,2025-03-28
bookmarkingace.com,2,0,2026-06-12
bookmarking1.com,2,2,2026-04-06
bookmarkick.com,2,0,2026-04-02
bookmarklinking.com,2,2,2025-04-26
atozbookmarkc.com,2,1,2026-06-20
mysocialguides.com,2,0,2025-03-26
bonanza.com,2,10,2025-05-06
bookmarkangaroo.com,2,0,2025-04-24
bookmarkalexa.com,2,0,2025-03-27
bookmark-vip.com,2,44,2025-12-11
bookmark-template.com,2,0,2026-02-21
bookmarketmaven.com,2,0,2026-07-11
masqueunaradio.com.ar,2,0,2025-09-20
mediajx.com,2,1,2025-08-08
metropolroskilde.dk,2,0,2026-03-24
livebackpage.com,2,3,2026-03-23
buzzcenter.co,2,0,2025-08-22
buyclassiccars.com,2,0,2025-02-26
byteshort.xyz,2,0,2026-03-16
canadapsilocybin.com,2,0,2026-08-16
mediaboooster.com,2,0,2026-08-15
dftsocial.com,2,0,2026-06-16
thereadersarena.com,2,0,2024-11-17
themicrodigits.com,2,0,2026-08-17
google.com.na,2,5,2025-02-27
google.com.my,2,0,2026-06-06
buzzinginfo.com,2,0,2026-02-27
meshbookmarks.com,2,2,2025-04-24
ledbookmark.com,2,1,2025-03-27
limonetworkonline.com,2,0,2026-04-03
siteprice.org,2,9,2026-05-16
techbumppy.com,2,0,2026-08-03
tapalmbeaches.com,2,0,2025-06-07
tapad.com,2,0,2025-09-19
bookmarklayer.com,2,0,2026-04-10
bookmarkity.com,2,0,2025-04-25
konkansamrat.com,2,0,2026-04-25
knowthatsall.com,2,0,2026-03-15
seol.store,2,0,2026-04-16
hotcakebutton.com,2,0,2025-07-02
swadesiway.com,2,5,2026-04-30
bookmarklethq.com,2,2,2025-03-26
bookmarkleader.com,2,2,2025-03-26
gvomail.com,2,0,2023-11-02
gutscheinaffe.de,2,0,2025-08-07
guidemysocial.com,2,1,2025-04-25
hampus.biz,2,0,2026-03-12
healthcareontime.com,2,6,2025-09-18
hotonlinegaming.com,2,0,2026-09-04
kingswelliesnursery.com,2,0,2025-03-02
lamula.pe,2,0,2025-06-12
bookmarkfavors.com,2,1,2025-03-26
bookmarkextent.com,2,0,2026-05-12
bookmarkhard.com,2,1,2025-12-01
bookmarkgenious.com,2,0,2025-03-26
bookmarkfox.com,2,5,2025-03-28
bookmarkforce.com,2,2,2025-04-23
brightbookmarks.com,2,0,2025-04-25
breachviews.com,2,0,2026-09-13
bostonmodernstaging.com,2,0,2026-04-11
buboflash.com,2,0,2026-09-22
leftbookmarks.com,2,0,2026-04-02
brouky.tech,2,0,2026-05-20
burgman-club.ru,2,0,2025-10-02
madbookmarks.com,2,0,2026-03-27
techonpage.com,2,2,2026-06-03
techionblog.com,2,2,2026-04-11
texturometer.com,2,0,2026-09-01
tetrabookmarks.com,2,0,2025-12-11
bootsnall.com,2,0,2025-01-18
bookmarkyourpage.com,2,0,2025-03-26
kraigmccreary.com,2,0,2026-02-23
kosmosgida.com,2,0,2026-03-25
btaskee.com,2,10,2026-03-02
1001bookmarks.com,1,0,2026-07-18
abc-iwaki.com,1,7,2026-04-02
acompio.in,1,0,2026-04-01
active-bookmarks.com,1,0,2026-05-05
adfoc.us,1,0,2026-07-02
admiralbookmarks.com,1,0,2026-03-24
adsbookmark.com,1,0,2026-07-09
xedulichdaklak.com,1,0,2026-04-01
yesbookmarks.com,1,0,2026-07-04
yogaholistica.com,1,0,2026-03-20
yolasite.com,1,0,2025-02-15
yoo.social,1,0,2025-10-17
yoursocialpeople.com,1,4,2025-03-26
yourstory.com,1,13,2026-04-01
yunnan101.com,1,0,2026-03-16
yutasan.co,1,0,2025-09-12
yxzbookmarks.com,1,1,2025-04-24
wikimeglio.com,1,0,2026-03-22
wikimidpoint.com,1,0,2025-04-04
wikipresses.com,1,35,2026-09-25
wikipublicist.com,1,0,2025-10-05
wikitron.com,1,0,2026-04-20
wikizero.org,1,0,2025-01-11
winningseo.site,1,0,2026-09-24
wiredstate.com,1,0,2025-06-08
dogandponycommunications.com,1,0,2026-03-22
domains.com.bz,1,0,2026-08-30
doodleordie.com,1,5,2026-05-03
dot-blank.com,1,0,2026-07-04
doxycycline100mg.store,1,0,2026-09-20
drjack.world,1,0,2026-07-10
drobo.shop,1,0,2026-09-23
dsiblogger.com,1,0,2026-03-28
digitalstereo.com.co,1,0,2025-05-04
directory-fast.com,1,15,2026-07-30
directory-nation.com,1,15,2026-08-05
directorylinkservice.com,1,0,2026-04-12
dirstop.com,1,0,2025-04-24
divephotoguide.com,1,5,2026-05-05
dmozbookmark.com,1,0,2026-06-12
dns4.cn,1,0,2026-09-10
webindia123.com,1,10,2026-04-04
webookmarks.com,1,0,2025-03-29
websrvcs.com,1,7,2026-05-11
wecelebrities.com,1,0,2026-09-18
whatshot.in,1,0,2024-09-02
whitebookmarks.com,1,1,2025-03-29
whofish.org,1,5,2026-04-05
whoismydomain.com.au,1,1,2026-03-29
esocialmall.com,1,1,2026-03-30
verifypilot.com,1,0,2026-09-02
vilonia.org,1,0,2026-03-12
walkersforbaby.com,1,0,2026-03-21
wavesocialmedia.com,1,0,2026-05-04
wayranks.com,1,0,2026-03-28
webcastlist.com,1,0,2026-05-24
webdirectory11.com,1,15,2026-07-30
quotesblom.com,1,0,2026-09-12
rachelxeverafter.com,1,0,2026-04-22
nairaland.com,1,14,2025-11-13
nanobookmarking.com,1,0,2026-04-17
nationalimmigrationproject.org,1,6,2025-07-17
naturalbookmarks.com,1,0,2025-12-02
nelpa.shop,1,0,2026-09-26
newblogerseo.com,1,0,2026-09-13
premiumseo.shop,1,0,2026-09-12
prepaidgiftbalance.online,1,0,2026-09-22
prizedpcs.com.au,1,0,2026-03-10
professionistiliberi.it,1,0,2026-03-30
provenexpert.com,1,0,2026-04-22
pukkabookmarks.com,1,2,2025-10-01
push2bookmark.com,1,0,2025-03-28
pxhere.com,1,13,2026-01-22
blogerreviewers.com,1,0,2026-08-06
okala.com,1,7,2026-04-20
poweredindia.com,1,3,2025-10-20
powerzone.net,1,0,2026-06-01
pr-cy.ru,1,10,2025-05-10
pr1bookmarks.com,1,0,2026-06-05
pr6bookmark.com,1,4,2026-07-12
pr7bookmark.com,1,1,2026-06-20
ozthegreatandpowerfulmovie.com,1,0,2025-02-25
paiaxis.com,1,0,2026-03-11
palscity.com,1,8,2025-07-02
notion.site,1,0,2025-02-11
nowbookmarks.com,1,1,2025-03-26
nun.nu,1,0,2025-11-07
nuxlo.shop,1,0,2026-09-27
ok-social.com,1,2,2026-04-05
bloomonline.store,1,0,2026-04-22
bmswiki.com,1,1,2025-09-17
bookmark-dofollow.com,1,0,2026-05-14
bookmark-group.com,1,1,2025-03-27
bookmark-master.com,1,0,2026-04-07
bookmark-media.com,1,1,2025-06-27
bookmark-nation.com,1,0,2026-07-10
bookmark-rss.com,1,0,2026-04-07
ranksdirectory.com,1,0,2026-06-24
rankuppages.com,1,0,2026-04-01
rdxextremez.com,1,0,2026-09-18
realwinningonlinecasino.online,1,0,2026-09-14
redsea.gov.eg,1,8,2025-05-05
reisenweg.com,1,0,2026-09-02
revan-me.com,1,0,2026-03-01
rhonda.org,1,0,2025-10-20
nimto.shop,1,0,2026-09-14
ninitiny.com,1,0,2026-01-06
ninko.shop,1,0,2026-09-23
nitisagar.com,1,0,2026-06-19
nivira.shop,1,0,2026-10-01
ragingbookmarks.com,1,0,2026-07-20
ranchworldads.com,1,0,2026-05-27
rankfirst.shop,1,0,2026-09-24
newearthsummit.org,1,0,2026-09-29
newhopebible.net,1,0,2025-12-31
newsbloger.com,1,0,2026-04-12
newsblogsports.site,1,0,2026-04-23
nichenest.xyz,1,0,2026-02-27
nimmansocial.com,1,0,2026-07-09
nimml.org,1,0,2025-05-04
nimpa.shop,1,0,2026-10-01
mivtorsh.ir,1,0,2025-07-02
mixbookmark.com,1,0,2025-03-28
mixersandplants.com,1,0,2025-10-22
monobookmarks.com,1,0,2026-05-28
moodjhomedia.com,1,0,2026-06-30
morikouji.jp,1,0,2026-03-24
my-herb.org,1,0,2026-02-23
my-social-box.com,1,3,2025-03-28
securemarc.com,1,0,2026-04-07
selfgrowth.app,1,0,2026-06-04
sellon.ai,1,0,2026-02-23
microlinksite.com,1,2,2025-06-23
mindful-connections.com,1,2,2025-04-15
minibookmarking.com,1,0,2026-06-23
minlove.biz,1,0,2025-04-04
minvio.shop,1,0,2026-09-25
s-tribe.net,1,0,2026-09-30
sahammurah.com,1,0,2026-09-03
saikohayama.com,1,0,2026-03-29
savoryandsweetfood.com,1,5,2025-03-01
say.la,1,0,2026-04-12
scrapbookmarket.com,1,0,2026-06-28
sdchamber.biz,1,0,2025-12-19
searchwins.shop,1,0,2026-10-01
bookmark-share.com,1,2,2025-03-26
bookmark4you.com,1,5,2026-05-01
bookmarkassist.com,1,0,2026-08-01
bookmarkbells.com,1,4,2025-03-25
bookmarkboom.com,1,0,2026-07-17
bookmarkcork.com,1,0,2026-07-09
myvoffice.com,1,0,2025-03-09
royalbookmarking.com,1,0,2026-07-16
livebookmarking.com,1,0,2025-03-28
localranking.site,1,0,2026-09-23
locatefamily.com,1,5,2025-07-30
lotrlegendswiki.com,1,0,2026-08-04
lovelace-movie.net,1,0,2026-08-10
lovewholesome.com,1,0,2025-05-25
m5stack.com,1,0,2026-04-13
macrobookmarks.com,1,1,2025-03-26
metooo.io,1,22,2026-04-18
metooo.it,1,7,2025-09-13
seobookmarkpro.com,1,1,2026-06-26
bookmarkloves.com,1,1,2026-05-07
bookmarkmoz.com,1,0,2026-08-13
bookmarknap.com,1,0,2026-04-22
bookmarkpath.com,1,0,2025-03-28
bookmarkport.com,1,0,2026-07-28
mediasocially.com,1,0,2026-04-20
medidocs.com,1,0,2026-04-15
mee.nu,1,47,2026-05-17
mendozagrocery2.com,1,0,2026-04-20
merakhersey.com,1,0,2025-05-13
mertio.shop,1,0,2026-09-18
metamagic.top,1,0,2026-06-28
metooo.es,1,36,2026-03-09
my.id,1,0,2026-03-05
myeasybookmarks.com,1,0,2025-04-25
myfirstbookmark.com,1,0,2026-03-30
mylittlebookmark.com,1,4,2025-03-28
marinasone.com,1,0,2026-09-05
masihnyata.com,1,0,2026-09-02
maximusbookmarks.com,1,0,2026-07-11
mdwrite.net,1,1,2025-10-07
bookmarkgenius.com,1,0,2026-07-15
bookmarkinginfo.com,1,0,2026-07-16
bookmarkize.com,1,1,2026-06-17
bookmarklinx.com,1,0,2026-03-30
bookmarklogin.com,1,0,2025-10-25
kisra.org,1,2,2025-03-27
kitchenhim.com,1,0,2026-03-06
kkinsider.com,1,0,2026-08-07
bhs-links-r254.xyz,1,0,2026-09-04
linkedbookmarker.com,1,0,2025-03-27
linkingbookmark.com,1,0,2025-04-25
listjumper.com,1,0,2026-03-25
littleinnovators.in,1,0,2025-08-31
bookmarkfly.com,1,0,2026-08-10
bookmarkforest.com,1,0,2026-08-10
bookmarkfriend.com,1,0,2025-03-27
bhs-links-r246.xyz,1,0,2026-09-02
bhs-links-r247.xyz,1,0,2026-09-03
bhs-links-r248.xyz,1,0,2026-09-02
bhs-links-r249.xyz,1,0,2026-09-05
bhs-links-r250.xyz,1,0,2026-09-05
bhs-links-r251.xyz,1,0,2026-09-05
bhs-links-r252.xyz,1,0,2026-09-05
bhs-links-r253.xyz,1,0,2026-09-04
manouchehrinuts.com,1,3,2026-07-06
mappywiki.com,1,0,2026-05-19
seomuda.id,1,0,2026-03-31
bhs-links-r241.xyz,1,0,2026-09-03
bhs-links-r242.xyz,1,0,2026-09-02
bhs-links-r243.xyz,1,0,2026-09-04
bhs-links-r244.xyz,1,0,2026-09-04
bhs-links-r245.xyz,1,0,2026-09-02
jaipuryellowpages.com,1,0,2026-02-27
jalandharkhabarnama.in,1,0,2026-03-22
jasmeetsanand.com,1,0,2025-08-31
jasperwiki.com,1,0,2026-05-18
jayroeder.com,1,0,2025-06-09
jazminsbeautysalon.be,1,0,2026-04-27
juaralaundry.com,1,0,2026-10-01
juicystudio.com,1,5,2025-07-03
shoplogist.com,1,0,2026-03-26
shortenurls.eu,1,0,2026-08-08
siambookmark.com,1,0,2026-04-13
single-bookmark.com,1,0,2026-07-01
sisusan88ax.shop,1,0,2026-10-01
sixflags.com,1,0,2025-08-08
sizethemarket.com,1,0,2026-03-02
sketchfab.com,1,17,2025-03-20
bhs-links-r255.xyz,1,0,2026-09-05
bhs-links-r256.xyz,1,0,2026-09-03
bhs-links-r257.xyz,1,0,2026-09-03
bhs-links-r258.xyz,1,0,2026-09-04
bhs-links-r259.xyz,1,0,2026-09-02
bhs-links-r260.xyz,1,0,2026-09-04
shopify.com,1,18,2026-03-07
shopiscout.com,1,0,2026-07-20
ladas.gr,1,0,2025-06-26
lakshmicanteen.com,1,0,2025-10-05
laurelstreetsmiles.com,1,2,2026-03-17
letsbookmarkit.com,1,0,2026-07-13
letusbookmark.com,1,0,2026-05-20
lillybeautymedspasanrafael.com,1,0,2025-07-31
limurse.ai,1,0,2026-08-09
linjoury.com,1,0,2026-08-13
indianpedia.org,1,0,2026-08-01
indianstartupmap.com,1,0,2026-09-02
indusfood.co.in,1,10,2025-10-20
infopagex.com,1,0,2026-07-06
innovativedigisolutions.com,1,1,2026-04-19
intersofteurasia.ru,1,0,2026-07-03
intgez.com,1,0,2026-08-30
iowa-bookmarks.com,1,0,2026-04-05
socialistener.com,1,1,2025-09-17
sociallawy.com,1,0,2026-08-08
sociallweb.com,1,0,2026-05-07
sociallytraffic.com,1,2,2026-05-09
socialrator.com,1,0,2026-06-09
bookmarkusers.com,1,0,2026-05-09
bookmarkvids.com,1,0,2025-07-04
indialync.com,1,0,2026-08-05
socialbookmarkgs.com,1,0,2026-06-25
socialbraintech.com,1,0,2026-03-28
socialbuzzmaster.com,1,0,2025-03-26
socialclubfm.com,1,0,2026-07-24
socialeweb.com,1,2,2025-03-28
socialicus.com,1,2,2026-06-14
socialimarketing.com,1,2,2025-04-25
socialinplace.com,1,1,2026-06-22
kalio.shop,1,0,2026-09-02
karwaanheritage.com,1,0,2025-11-20
kbookmarking.com,1,1,2025-04-23
keirseybooks.com,1,0,2026-06-05
kenkyuukai.jp,1,11,2025-07-12
kernelpanicpodcast.com,1,0,2026-09-12
kichink.com,1,0,2025-02-02
social-medialink.com,1,0,2026-04-03
bookmarksaifi.com,1,0,2025-10-26
bookmarkshome.com,1,0,2025-06-29
bookmarkshq.com,1,0,2026-06-20
bookmarkshut.com,1,0,2026-07-13
bookmarksknot.com,1,0,2026-05-28
bookmarksoflife.com,1,2,2025-03-26
bookmarksparkle.com,1,1,2025-03-26
bookmarkspecial.com,1,0,2025-03-28
bestonlinecasinomexico.online,1,0,2026-09-19
bestwebs12341.site,1,0,2026-10-01
bharatibiz.com,1,0,2026-06-21
bharatpedia.org,1,11,2026-06-03
soniclean.com.au,1,0,2025-09-19
indexedbookmarks.com,1,0,2026-08-05
bookmarkpressure.com,1,0,2026-05-02
bookmarks4seo.com,1,0,2026-03-23
balrio.shop,1,0,2026-09-03
baptist2baptist.net,1,0,2026-04-28
barclaynz.com,1,0,2026-04-22
barjil.com,1,4,2025-03-28
battleon.com,1,8,2026-04-07
bazerdaily.com,1,0,2026-09-28
bestirishcasinoonline.online,1,0,2026-09-17
bestofthefirstcoast.com,1,0,2026-09-19
isclix.com,1,0,2026-03-15
italianculture.net,1,0,2025-07-07
iwanttobookmark.com,1,2,2025-03-28
socialwebconsult.com,1,1,2025-03-26
socialwebnotes.com,1,1,2026-03-28
bablagiftshop.com,1,0,2026-03-14
backlinks-checker.com,1,0,2026-05-31
balmainsailingclub.com,1,3,2025-08-01
idilaguna.com,1,0,2026-04-02
idiva.com,1,12,2026-04-16
ilait-reseller.com,1,0,2026-04-17
ilovebookmark.com,1,0,2026-05-22
ilw.com,1,8,2025-02-24
imgbbs.jp,1,0,2026-05-24
indapass.hu,1,0,2025-10-05
gsmindustrial.cl,1,0,2026-03-21
suffernchamber.org,1,2,2025-03-08
suffolk.edu,1,12,2026-04-11
sukhis.com,1,11,2026-03-30
supergirosguajiranorte.com.co,1,0,2026-04-17
howellglasslol.com,1,0,2026-03-25
huntidaho.com,1,0,2025-11-19
hwnerds.com,1,0,2026-06-09
hypebookmarking.com,1,1,2025-06-27
soreyniceproperties.com,1,0,2026-04-21
sound-social.com,1,0,2026-06-27
spacedoc.com,1,0,2026-09-10
stageit.com,1,6,2026-04-05
starcourts.com,1,0,2025-06-27
storeleads.app,1,8,2026-02-16
studiosegmenti.com,1,1,2026-03-20
suadienlanhhaiduong.com,1,0,2026-03-27
bookmarkspedia.com,1,2,2025-04-25
bookmarkspiral.com,1,0,2026-06-24
bookmarkstime.com,1,0,2026-09-02
bookmarksurl.com,1,4,2025-03-27
bookmarksystem.com,1,0,2026-04-27
bookmarktune.com,1,0,2026-07-19
bookmarkunit.com,1,0,2026-03-22
bookmarkuse.com,1,0,2026-07-13
bookmarkwuzz.com,1,3,2026-07-08
boosttraffic.site,1,0,2026-09-17
brilko.shop,1,0,2026-09-04
brinto.shop,1,0,2026-09-08
bripto.shop,1,0,2026-09-03
btaskee.work,1,0,2026-06-18
burpio.shop,1,0,2026-09-28
buscawiki.com,1,0,2026-05-06
tenetsystems.net,1,0,2025-02-12
terrehautehousing.org,1,0,2025-10-23
terrevecolleges.org,1,0,2025-11-18
tfpinitiative.org,1,0,2026-05-09
the-box.cc,1,0,2026-04-25
theambiencenews.com,1,0,2026-04-20
greattraveladvisor.com,1,0,2026-04-14
growthbookmarks.com,1,2,2025-03-26
hoppaarl.co.za,1,0,2026-07-24
supplyautonomy.com,1,4,2026-05-06
sushimean.com,1,0,2026-09-15
syr.edu,1,12,2026-03-20
tabletennisdaily.com,1,6,2025-02-11
tbookmark.com,1,0,2026-05-10
technetbloggers.de,1,0,2026-08-20
technofizi.net,1,0,2025-06-07
gsu.edu,1,0,2026-04-07
guideyoursocial.com,1,0,2026-06-07
gvtci.com,1,0,2026-02-26
health-lists.com,1,0,2026-06-08
healthbenefitstimes.com,1,4,2025-10-29
healthcarebiodiversity.com,1,0,2025-11-24
highkeysocial.com,1,0,2026-06-27
hokkaido-otobe-marche.com,1,0,2025-04-29
australianwebdirectory.info,1,0,2026-03-29
azaunited.org,1,0,2026-05-04
captionace.com,1,0,2026-03-09
cartermanageus.com,1,0,2026-09-09
cashthat.com,1,0,2026-09-14
google.com.vn,1,0,2026-05-27
google.hu,1,0,2026-07-02
buy-dofollow-links.shop,1,0,2026-10-03
thecloudherald.com,1,0,2025-08-21
artbrgr.com,1,0,2026-03-09
articlement.com,1,0,2026-03-22
artigianix.ro,1,0,2025-08-03
ask4healthcare.com,1,0,2026-03-13
ateliereleaurorei.ro,1,0,2026-03-16
atelierpineto.it,1,0,2026-04-24
atselfgrowth.com,1,5,2026-07-30
greatbookmarking.com,1,0,2026-06-19
thebookmarkfree.com,1,0,2026-08-08
thebookmarkid.com,1,0,2026-07-13
thebookmarkking.com,1,0,2026-05-13
thebookmarklist.com,1,0,2025-03-27
thebookmarknight.com,1,0,2026-07-26
thebookmarkplaza.com,1,0,2026-05-01
thebookpage.com,1,0,2026-07-10
businessbookmark.com,1,0,2025-03-25
businessdirectorybd.com,1,2,2026-03-15
growwithseo.shop,1,0,2026-09-26
google.ms,1,0,2025-12-01
google.mv,1,0,2026-05-27
gorillasocialwork.com,1,5,2025-03-26
gpcsup.com,1,0,2026-03-24
gratography.com,1,0,2026-02-27
google.cat,1,0,2026-06-28
casinooftheking.com,1,0,2026-09-22
casinoonlinecrazytime.online,1,0,2026-09-14
catholic.net,1,0,2026-03-28
celinaumc.org,1,0,2026-07-21
celticwiki.com,1,1,2026-05-05
cgpa2percentag.com,1,0,2026-09-16
chillicothechristian.com,1,0,2026-04-03
thesocialcircles.com,1,1,2026-06-06
thesocialdelight.com,1,3,2026-03-21
thesocialhouseja.com,1,0,2026-08-31
thesocialintro.com,1,1,2026-04-17
thesocialroi.com,1,0,2026-05-04
thesocialvibes.com,1,0,2026-05-26
thirdnuntawat.com,1,0,2026-03-30
tiemchunglongchau.com.vn,1,10,2026-06-30
google.co.uk,1,0,2026-06-14
thedocmag.com,1,0,2026-08-03
theforbestimes.com,1,0,2026-09-06
thegreatbookmark.com,1,0,2026-08-09
thejillist.com,1,0,2026-08-07
thekiwisocial.com,1,0,2026-05-19
theoptimalplumber.com,1,0,2026-04-04
theroadtoglenlough.com,1,0,2025-07-26
buzzshrink.website,1,0,2026-07-24
bye.fyi,1,0,2026-05-06
bysb.net,1,0,2025-07-05
calvaryofhope.org,1,0,2026-04-12
cameramanhthien.com,1,0,2026-04-27
canlisohbethatlari.online,1,0,2026-09-21
capetownthing.co.za,1,0,2026-04-02
google.co.th,1,0,2026-05-16
trafficexperts.site,1,0,2026-09-23
transportnyhederne.dk,1,0,2025-04-09
trasportopersone.it,1,0,2026-05-22
fixit.in,1,0,2026-03-06
followbookmarks.com,1,0,2025-04-24
forvi.shop,1,0,2026-09-08
fralto.shop,1,0,2026-09-26
free-ebooks.net,1,9,2026-03-27
top100bookmark.com,1,0,2026-05-29
top10bookmark.com,1,0,2026-07-23
top5casino.online,1,0,2026-09-17
toparticlesdirectory.com,1,0,2025-02-04
toplist.co.in,1,0,2026-05-14
topranking.shop,1,0,2026-09-23
tornadosocial.com,1,6,2026-04-15
trackbookmark.com,1,0,2026-07-29
godstudio.co.in,1,0,2025-10-02
gogogobookmarks.com,1,1,2025-04-23
tntcode.com,1,0,2026-07-02
tntribune.com,1,8,2025-09-08
todaybookmarks.com,1,1,2025-04-25
tokyopush188.online,1,0,2026-09-18
toneop.com,1,5,2026-04-06
tongbu.com,1,0,2024-09-19
cinto.shop,1,0,2026-09-08
clientsbee.com,1,0,2026-07-06
clifflisting.com,1,0,2026-09-05
geilebookmarks.com,1,0,2026-03-30
get-social-now.com,1,0,2026-04-21
getranked.site,1,0,2026-09-24
gitbook.io,1,13,2025-02-22
giveawayoftheday.com,1,28,2026-04-17
upcincorp.com,1,0,2026-03-15
urbansherpatravel.com,1,0,2025-07-28
userbookmark.com,1,0,2026-06-27
eveowiki.com,1,0,2026-02-23
exactlybookmarks.com,1,1,2025-03-27
exotichealths.com,1,0,2026-09-21
explorebookmarks.com,1,0,2026-07-31
expressbookmark.com,1,0,2026-07-07
tribehotyoga.guru,1,0,2026-02-21
triple9express.com,1,0,2026-04-27
trueen.com,1,1,2025-02-23
tryaladdin.com,1,3,2026-03-30
tube188.com,1,0,2025-06-15
tuguiasexual.org,1,0,2026-07-01
tutrabajovirtual.com,1,0,2026-03-17
university-mall.com,1,0,2026-05-10
fioro.shop,1,0,2026-09-19
clotilde.biz,1,0,2026-07-04
coachjonathanhalpert.com,1,0,2026-04-01
commercerank.ai,1,0,2026-06-10
cplusplus.com,1,11,2026-04-08
crazyraw.com,1,0,2026-03-26
cripio.shop,1,0,2026-09-17
travialist.com,1,0,2026-04-06
freelistingaustralia.com,1,1,2026-05-02
freelistingusa.com,1,4,2026-03-11
freemyip.com,1,0,2026-01-30
friendlybookmark.com,1,0,2026-07-05
fruit-zukan.com,1,0,2026-08-18
fukugan.com,1,0,2026-04-20
fusioncreations.co.uk,1,0,2026-05-23
fws.tw,1,6,2026-04-14
eclipsetrackandfieldclub.ca,1,1,2025-02-27
edina.com.ec,1,0,2026-06-04
effairs.at,1,0,2025-06-14
eliteseo.site,1,0,2026-09-09
emergencydentistinrichmondva.com,1,0,2026-09-02
empirewiki.com,1,0,2026-03-13
entrepreneurscruise.com,1,0,2025-06-26
escapethefog.com,1,0,2026-02-26
vedicpaths.com,1,0,2026-02-22
duhud.com,1,1,2026-04-08
dupurgeniefr.com,1,0,2026-09-16
e-bookmarks.com,1,0,2026-07-02
e-douguya.com,1,0,2026-06-18
easiestbookmarks.com,1,0,2026-07-15
eastvalleycardiology.com,1,0,2025-12-17
echobookmarks.com,1,1,2025-03-26
allbookmarking.com,1,1,2026-07-11
allformypet.club,1,0,2025-10-26
allindianwebsites.com,1,0,2026-03-06
allkindsofsocial.com,1,0,2026-06-19
altusx.com,1,0,2026-02-12
amzgame.com,1,4,2025-02-26
anchorurl.cloud,1,0,2026-09-28
anybeats.jp,1,3,2025-03-17
ezmarkbookmarks.com,1,2,2026-04-11
ezzycann.com,1,0,2026-03-25
famxy.com,1,0,2026-04-20
fastlifesite.com,1,0,2026-09-04
fastranking.shop,1,0,2026-09-24
finallot.com,1,0,2026-01-15
financialcenter.com,1,0,2025-03-30
finanzplaner-deutschland.de,1,0,2025-08-15
agency-social.com,1,2,2026-04-08
agentbetting.online,1,0,2026-09-28
agroinsursas.com,1,0,2026-07-08
akal-icr.com,1,0,2026-02-07
1300cheapgas.com.au,1,0,2026-04-29
4vn.eu,1,2,2026-04-24
3alamalafkar.online,1,0,2026-05-09
wisesocialsmedia.com,1,1,2025-03-27
wikibyby.com,1,2,2025-09-06
wikiconverse.com,1,0,2026-02-26
wikicorrespondent.com,1,0,2026-03-29
wikienlightenment.com,1,2,2026-02-22
wikievia.com,1,0,2026-03-31
wikiexcerpt.com,1,2,2026-04-14
wikikarts.com,1,0,2026-04-14
advintersection.org,1,0,2026-04-20
devpost.com,1,12,2026-07-24
diced.jp,1,0,2026-01-07
diggerslist.com,1,1,2026-05-15
digitalboost.site,1,0,2026-09-22
widblog.com,1,0,2026-05-02
wiki-jp.com,1,1,2026-08-15
wiki-park.com,1,0,2026-09-07
wikibestproducts.com,1,0,2025-12-18
cvillico.com,1,0,2026-09-05
cyberbookmarking.com,1,0,2026-07-03
dailymusings.top,1,0,2026-06-23
dealbada.com,1,0,2025-03-23
dearcreatives.com,1,4,2026-03-26
delisatravels.com,1,0,2026-03-22
desa.com.my,1,0,2026-06-10
devgadhapoosamba.com,1,0,2026-04-11
one-bookmark.com,1,3,2025-03-27
onelifesocial.com,1,0,2026-04-20
onesupport.dk,1,0,2026-06-30
onlybookmarkings.com,1,0,2026-07-08
optimusbookmarks.com,1,0,2026-07-21
organictraffic.site,1,0,2026-09-18
orvelo.shop,1,0,2026-09-17
ourabilitywiki.com,1,0,2026-04-20
polvix.shop,1,0,2026-09-19
bioenergie-bamberg.de,1,0,2026-03-30
bioimagingcore.be,1,0,2025-11-27
bitbuzz.org,1,0,2026-09-03
bitsdujour.com,1,8,2025-05-01
bladeradius.com,1,0,2026-04-20
blog-a-story.com,1,0,2026-03-21
omg-directory.com,1,20,2026-07-30
peterblum.com,1,0,2026-07-20
photoenmarkarte.com,1,0,2026-04-01
pku.edu.cn,1,0,2025-04-11
plixmo.shop,1,0,2026-09-26
plonta.shop,1,0,2026-10-04
plpwiki.com,1,2,2026-04-02
plrdownloadshub.com,1,0,2026-09-10
plurio.shop,1,0,2026-09-21
worldranksite.com,1,0,2026-08-02
worldsocialindex.com,1,0,2026-06-06
worldwebcertified.com,1,0,2026-09-19
writeupcafe.com,1,0,2026-04-30
partio.shop,1,0,2026-09-12
peacememorial.org,1,2,2026-02-26
peakbookmarks.com,1,0,2025-03-28
peska.shop,1,0,2026-09-09
