batch,queue_no,status,intent,primary_keyword,secondary_keywords,cluster_monthly_volume,primary_kd,current_position,priority_tier,link_cta_to,suggested_title,suggested_slug,shopify_blog
1,1,queued,buy-online,mangos online,organic mango | mango online | mango fruit online | mango box | mango fruit buy online | buy mango online,29800,24,,3 Generic mango buying,/collections/mangoes,Mangos Online: How to Buy Genuine Mangoes Online in India,mangos-online,buy
1,2,queued,price,mango price,1 kg mango price today | mango rate today | mango price per kg | 1 kg mango price | mango 1 kg | langra mango price,16490,13,18,3 Generic mango buying,/collections/mangoes,Mango Price: Current Price by Size and Grade (Updated for the 2027 Season),mango-price,price
1,3,queued,price,alphonso mango 1kg price,alphonso mango price per kg | alphonso mango price per kg 2022 | alphonso price | alphonso aam price | alphonso mango price per kg in india | alphonso price in india,5310,10,4,1 Alphonso family,/products/alphonso-mango-order-online + /collections/mangoes,Alphonso Mango 1Kg Price: Current Price by Size and Grade (Updated for the 2027 Season),alphonso-mango-1kg-price,price
1,4,queued,near-me,mango near me,mango market near me | mango shop near me | organic mangoes near me | raw mango near me | mango mandi near me | mango fruit near me,16410,19,,3 Generic mango buying,/collections/mangoes,Mango Near Me: Fresh Mango Delivery to Your PIN Code,mango-near-me,buy
1,5,queued,best,top 10 best mango in india,best mango in india | best mango variety | best mango | best mango in the india | best type of mangoes | best mango variety in india,10350,10,,3 Generic mango buying,/collections/mangoes,Top 10 Best Mango In India: How to Choose and Where to Buy,top-10-best-mango-in-india,buy
1,6,queued,price,kesar mango 1 kg price,kesar mango price per kg | kesar aam price | kesar mango rate | kesar mango price 1 kg | kesar mango price 1kg | mango kesar price,2260,11,9,2 Other varieties we sell,/products/kesar-mango,Kesar Mango 1 Kg Price: Current Price by Size and Grade (Updated for the 2027 Season),kesar-mango-1-kg-price,price
1,7,queued,order,order mangoes online,mango order | order of mango | mango order name | mango order taxonomy | order fresh mangoes online,2200,22,,3 Generic mango buying,/collections/mangoes,"Order Mangoes Online: Step-by-Step Guide, Delivery Time and Packing",order-mangoes-online,buy
1,8,queued,city:bangalore,mango store bangalore,mango price in bangalore | bangalore mango price | organic mangoes bangalore | wholesale mango market in bangalore | mangoes online bangalore | best mangoes in bangalore,1710,27,,4 City + mango,city page /blogs/mango-location/...,Mango Store Bangalore: Where to Buy Fresh Alphonso and Kesar Mangoes with Delivery in Bangalore,mango-store-bangalore,mango-location
1,9,queued,buy-online,organic alphonso mango,alphonso online | original alphonso mango | alphonso mango online delivery | online alphonso mango | alphonso mango box | buy alphonso online,900,16,,1 Alphonso family,/products/alphonso-mango-order-online + /collections/mangoes,Organic Alphonso Mango: How to Buy Genuine Mangoes Online in India,organic-alphonso-mango,buy
1,10,queued,order,order alphonso mango,order alphonso mangoes online,1310,24,7,1 Alphonso family,/products/alphonso-mango-order-online + /collections/mangoes,"Order Alphonso Mango: Step-by-Step Guide, Delivery Time and Packing",order-alphonso-mango,buy
2,11,queued,city:delhi,mango price in delhi,mango price delhi | mango rate in delhi | mango online delhi | safeda mango price in delhi | delhi mango price | mango rate today in delhi,750,10,,4 City + mango,city page /blogs/mango-location/...,Mango Price In Delhi: Where to Buy Fresh Alphonso and Kesar Mangoes with Delivery in Delhi,mango-price-in-delhi,mango-location
2,12,queued,price,ratnagiri mango price,ratnagiri mango price per kg today | ratnagiri mango rate | ratnagiri alphonso price,870,10,88,1 Alphonso family,/products/ratnagiri-alphonso-mango,Ratnagiri Mango Price: Current Price by Size and Grade (Updated for the 2027 Season),ratnagiri-mango-price,price
2,13,queued,price,dasheri mango price,dasheri mango price per kg | dasheri aam price,1350,21,,2 Other varieties we sell,/products/dasheri-mango-online,Dasheri Mango Price: Current Price by Size and Grade (Updated for the 2027 Season),dasheri-mango-price,price
2,14,queued,city:hyderabad,mangoes online hyderabad,organic mangoes hyderabad | mango store in hyderabad | buy mangoes online hyderabad,760,8,,4 City + mango,city page /blogs/mango-location/...,Mangoes Online Hyderabad: Where to Buy Fresh Alphonso and Kesar Mangoes with Delivery in Hyderabad,mangoes-online-hyderabad,mango-location
2,15,queued,city:mumbai,alphonso mango price mumbai,alphonso mango rate in mumbai | alphonso mango online mumbai | best alphonso mangoes in mumbai | online alphonso mango mumbai | alphonso price in mumbai,500,10,,1 Alphonso family,city page /blogs/mango-location/...,Alphonso Mango Price Mumbai: Where to Buy Fresh Alphonso and Kesar Mangoes with Delivery in Mumbai,alphonso-mango-price-mumbai,mango-location
2,16,queued,city:mumbai,mango store in mumbai,mango price in mumbai | mango rate in mumbai,830,23,,4 City + mango,city page /blogs/mango-location/...,Mango Store In Mumbai: Where to Buy Fresh Alphonso and Kesar Mangoes with Delivery in Mumbai,mango-store-in-mumbai,mango-location
2,17,queued,price,mango pulp 1 kg price,mango pulp price per kg in india | aditi mango pulp price | desai mango pulp price | gst rate for mango pulp | mango pulp gst rate | mango pulp processing unit cost,500,23,6,3 Generic mango buying,/products/alphonso-mango-pulp,Mango Pulp 1 Kg Price: Current Price by Size and Grade (Updated for the 2027 Season),mango-pulp-1-kg-price,price
2,18,queued,buy-online,kesar mango online,gir kesar mango online,640,5,4,2 Other varieties we sell,/products/kesar-mango,Kesar Mango Online: How to Buy Genuine Mangoes Online in India,kesar-mango-online,buy
2,19,queued,price,totapuri mango price,totapuri mango price per kg | totapuri aam price,590,19,,2 Other varieties we sell,/products/totapuri-mango,Totapuri Mango Price: Current Price by Size and Grade (Updated for the 2027 Season),totapuri-mango-price,price
2,20,queued,buy-online,salem mangoes online,salem mango online | salem mango online shopping,500,10,,2 Other varieties we sell,/collections/mangoes,Salem Mangoes Online: How to Buy Genuine Mangoes Online in India,salem-mangoes-online,buy
3,21,queued,bulk,mango wholesale,mango wholesale price | mango box wholesale,540,28,,3 Generic mango buying,/pages/mango-export,Mango Wholesale: Bulk and Wholesale Mango Supply from Ratnagiri and Devgad,mango-wholesale,buy
3,22,queued,city:pune,mango rate in pune,price of mango in pune | mango price in pune | wholesale mango market in pune,370,19,,4 City + mango,city page /blogs/mango-location/...,Mango Rate In Pune: Where to Buy Fresh Alphonso and Kesar Mangoes with Delivery in Pune,mango-rate-in-pune,mango-location
3,23,queued,buy-online,dasheri mango online,dasheri mango buy online | dasheri aam online,380,5,,2 Other varieties we sell,/products/dasheri-mango-online,Dasheri Mango Online: How to Buy Genuine Mangoes Online in India,dasheri-mango-online,buy
3,24,queued,city:ahmedabad,mango store ahmedabad,mango price in ahmedabad | best mango in ahmedabad | best mango ras in ahmedabad,300,26,14,4 City + mango,city page /blogs/mango-location/...,Mango Store Ahmedabad: Where to Buy Fresh Alphonso and Kesar Mangoes with Delivery in Ahmedabad,mango-store-ahmedabad,mango-location
3,25,queued,near-me,mango wholesaler near me,mango wholesale near me | wholesale mango market near me | wholesale mango near me,340,29,,3 Generic mango buying,/pages/mango-export,Mango Wholesaler Near Me: Fresh Mango Delivery to Your PIN Code,mango-wholesaler-near-me,buy
3,26,queued,buy-online,mango pulp online,buy mango pulp | buy mango pulp online,270,2,,3 Generic mango buying,/products/alphonso-mango-pulp,Mango Pulp Online: How to Buy Genuine Mangoes Online in India,mango-pulp-online,buy
3,27,queued,price,malgova mango price,,390,6,,2 Other varieties we sell,/products/malgova-mango,Malgova Mango Price: Current Price by Size and Grade (Updated for the 2027 Season),malgova-mango-price,price
3,28,queued,city:pune,best alphonso mangoes in pune,alphonso mango price in pune | alphonso mango rate in pune,210,40,,1 Alphonso family,city page /blogs/mango-location/...,Best Alphonso Mangoes In Pune: Where to Buy Fresh Alphonso and Kesar Mangoes with Delivery in Pune,best-alphonso-mangoes-in-pune,mango-location
3,29,queued,price,devgad alphonso mango price,,170,10,8,1 Alphonso family,/products/devgad-alphonso-mango,Devgad Alphonso Mango Price: Current Price by Size and Grade (Updated for the 2027 Season),devgad-alphonso-mango-price,price
3,30,queued,city:chennai,mango price in chennai,1 kg mango price in chennai | best mangoes in chennai | mangoes online chennai,220,40,,4 City + mango,city page /blogs/mango-location/...,Mango Price In Chennai: Where to Buy Fresh Alphonso and Kesar Mangoes with Delivery in Chennai,mango-price-in-chennai,mango-location
4,31,queued,city:delhi,alphonso mango price in delhi,price of alphonso mango in delhi | alphonso mango online delhi,190,40,,1 Alphonso family,city page /blogs/mango-location/...,Alphonso Mango Price In Delhi: Where to Buy Fresh Alphonso and Kesar Mangoes with Delivery in Delhi,alphonso-mango-price-in-delhi,mango-location
4,32,queued,buy-online,totapuri mango online,,320,11,,2 Other varieties we sell,/products/totapuri-mango,Totapuri Mango Online: How to Buy Genuine Mangoes Online in India,totapuri-mango-online,buy
4,33,queued,near-me,mango pulp near me,,480,26,,3 Generic mango buying,/products/alphonso-mango-pulp,Mango Pulp Near Me: Fresh Mango Delivery to Your PIN Code,mango-pulp-near-me,buy
4,34,queued,near-me,kesar mango near me,,390,26,,2 Other varieties we sell,/products/kesar-mango,Kesar Mango Near Me: Fresh Mango Delivery to Your PIN Code,kesar-mango-near-me,buy
4,35,queued,best,best alphonso mangoes in india,best alphonso mangoes,250,45,88,1 Alphonso family,/products/alphonso-mango-order-online + /collections/mangoes,Best Alphonso Mangoes In India: How to Choose and Where to Buy,best-alphonso-mangoes-in-india,buy
4,36,queued,buy-online,devgad mango online,devgad alphonso mango online | buy devgad mangoes online,150,40,,1 Alphonso family,/products/devgad-alphonso-mango,Devgad Mango Online: How to Buy Genuine Mangoes Online in India,devgad-mango-online,buy
4,37,queued,order,order kesar mango online,,210,2,,2 Other varieties we sell,/products/kesar-mango,"Order Kesar Mango Online: Step-by-Step Guide, Delivery Time and Packing",order-kesar-mango-online,buy
4,38,queued,buy-online,ratnagiri alphonso mango online,ratnagiri mango online,200,40,,1 Alphonso family,/products/ratnagiri-alphonso-mango,Ratnagiri Alphonso Mango Online: How to Buy Genuine Mangoes Online in India,ratnagiri-alphonso-mango-online,buy
4,39,queued,city:kolkata,alphonso mango price in kolkata,,110,18,,1 Alphonso family,city page /blogs/mango-location/...,Alphonso Mango Price In Kolkata: Where to Buy Fresh Alphonso and Kesar Mangoes with Delivery in Kolkata,alphonso-mango-price-in-kolkata,mango-location
4,40,queued,city:kolkata,mango price in kolkata,,110,17,,4 City + mango,city page /blogs/mango-location/...,Mango Price In Kolkata: Where to Buy Fresh Alphonso and Kesar Mangoes with Delivery in Kolkata,mango-price-in-kolkata,mango-location
5,41,queued,city:surat,kesar mango price in surat,,170,40,,2 Other varieties we sell,/products/kesar-mango,Kesar Mango Price In Surat: Where to Buy Fresh Alphonso and Kesar Mangoes with Delivery in Surat,kesar-mango-price-in-surat,mango-location
5,42,queued,city:ahmedabad,kesar mango price in ahmedabad,,90,40,,2 Other varieties we sell,/products/kesar-mango,Kesar Mango Price In Ahmedabad: Where to Buy Fresh Alphonso and Kesar Mangoes with Delivery in Ahmedabad,kesar-mango-price-in-ahmedabad,mango-location
5,43,queued,gifting,mango gift box,,110,40,,3 Generic mango buying,/pages/gift-form,Mango Gift Box: Mango Gift Boxes for Family and Corporate Gifting,mango-gift-box,buy
5,44,queued,city:pune,kesar mango price in pune,,70,40,,2 Other varieties we sell,/products/kesar-mango,Kesar Mango Price In Pune: Where to Buy Fresh Alphonso and Kesar Mangoes with Delivery in Pune,kesar-mango-price-in-pune,mango-location
5,45,queued,city:delhi,dasheri mango price in delhi,,70,40,,2 Other varieties we sell,/products/dasheri-mango-online,Dasheri Mango Price In Delhi: Where to Buy Fresh Alphonso and Kesar Mangoes with Delivery in Delhi,dasheri-mango-price-in-delhi,mango-location
5,46,queued,price,payari mango price,,70,40,,2 Other varieties we sell,/products/pairi-mango,Payari Mango Price: Current Price by Size and Grade (Updated for the 2027 Season),payari-mango-price,price
5,47,queued,buy-online,malgova mango online,,70,40,,2 Other varieties we sell,/products/malgova-mango,Malgova Mango Online: How to Buy Genuine Mangoes Online in India,malgova-mango-online,buy
5,48,queued,city:ahmedabad,alphonso mango price in ahmedabad,,50,40,,1 Alphonso family,city page /blogs/mango-location/...,Alphonso Mango Price In Ahmedabad: Where to Buy Fresh Alphonso and Kesar Mangoes with Delivery in Ahmedabad,alphonso-mango-price-in-ahmedabad,mango-location
5,49,queued,bulk,alphonso mango wholesale price,,50,40,,1 Alphonso family,/pages/mango-export,Alphonso Mango Wholesale Price: Bulk and Wholesale Mango Supply from Ratnagiri and Devgad,alphonso-mango-wholesale-price,buy
5,50,queued,price,alphonso mango pulp 1 kg price,,50,40,,1 Alphonso family,/products/alphonso-mango-pulp,Alphonso Mango Pulp 1 Kg Price: Current Price by Size and Grade (Updated for the 2027 Season),alphonso-mango-pulp-1-kg-price,price
6,51,queued,city:surat,mango price in surat,,70,40,,4 City + mango,city page /blogs/mango-location/...,Mango Price In Surat: Where to Buy Fresh Alphonso and Kesar Mangoes with Delivery in Surat,mango-price-in-surat,mango-location
6,52,queued,city:delhi,kesar mango price in delhi,,50,40,,2 Other varieties we sell,/products/kesar-mango,Kesar Mango Price In Delhi: Where to Buy Fresh Alphonso and Kesar Mangoes with Delivery in Delhi,kesar-mango-price-in-delhi,mango-location
6,53,queued,buy-online,pairi mango online,,50,40,,2 Other varieties we sell,/products/pairi-mango,Pairi Mango Online: How to Buy Genuine Mangoes Online in India,pairi-mango-online,buy
6,54,queued,city:nagpur,alphonso mango price in nagpur,,30,40,,1 Alphonso family,city page /blogs/mango-location/...,Alphonso Mango Price In Nagpur: Where to Buy Fresh Alphonso and Kesar Mangoes with Delivery in Nagpur,alphonso-mango-price-in-nagpur,mango-location
6,55,queued,best,which alphonso is best ratnagiri and devgad,,30,40,,1 Alphonso family,/products/devgad-alphonso-mango,Which Alphonso Is Best Ratnagiri And Devgad: How to Choose and Where to Buy,which-alphonso-is-best-ratnagiri-and-devgad,buy
6,56,queued,bulk,devgad mango wholesale,,30,40,,1 Alphonso family,/products/devgad-alphonso-mango,Devgad Mango Wholesale: Bulk and Wholesale Mango Supply from Ratnagiri and Devgad,devgad-mango-wholesale,buy
6,57,queued,near-me,alphonso mango pulp near me,,30,40,,1 Alphonso family,/products/alphonso-mango-pulp,Alphonso Mango Pulp Near Me: Fresh Mango Delivery to Your PIN Code,alphonso-mango-pulp-near-me,buy
6,58,queued,city:lucknow,mango price in lucknow,,40,40,,4 City + mango,city page /blogs/mango-location/...,Mango Price In Lucknow: Where to Buy Fresh Alphonso and Kesar Mangoes with Delivery in Lucknow,mango-price-in-lucknow,mango-location
6,59,queued,city:chennai,malgova mango price in chennai,,30,40,,2 Other varieties we sell,/products/malgova-mango,Malgova Mango Price In Chennai: Where to Buy Fresh Alphonso and Kesar Mangoes with Delivery in Chennai,malgova-mango-price-in-chennai,mango-location
6,60,queued,price,totapuri mango pulp price,,30,40,,2 Other varieties we sell,/products/alphonso-mango-pulp,Totapuri Mango Pulp Price: Current Price by Size and Grade (Updated for the 2027 Season),totapuri-mango-pulp-price,price
7,61,queued,price,mango price in salem,,30,40,,2 Other varieties we sell,/collections/mangoes,Mango Price In Salem: Current Price by Size and Grade (Updated for the 2027 Season),mango-price-in-salem,price
7,62,queued,best,best mango pulp brand,,30,40,,3 Generic mango buying,/products/alphonso-mango-pulp,Best Mango Pulp Brand: How to Choose and Where to Buy,best-mango-pulp-brand,buy
7,63,queued,city:patna,mango price in patna,,30,40,,4 City + mango,city page /blogs/mango-location/...,Mango Price In Patna: Where to Buy Fresh Alphonso and Kesar Mangoes with Delivery in Patna,mango-price-in-patna,mango-location
7,64,queued,city:vadodara,mango price in vadodara,,30,40,,4 City + mango,city page /blogs/mango-location/...,Mango Price In Vadodara: Where to Buy Fresh Alphonso and Kesar Mangoes with Delivery in Vadodara,mango-price-in-vadodara,mango-location
