Keyword,their_pos,vol,kd,traffic,our_home_sem,our_home_ahr,our_best,our_any,verdict
ratnagiri mango,18,5400,38.0,8,2.0,5.0,2.0,1.0,we lead
ratnagiri alphonso mango,22,2400,27.0,3,2.0,,2.0,1.0,we lead
savani farms,33,1900,37.0,0,,,,,we do not rank on homepage
alphonso mango online,11,1600,35.0,11,2.0,,2.0,1.0,we lead
alphonso aam,26,1600,43.0,1,1.0,,1.0,1.0,we lead
hapus mango online,1,1600,22.0,752,,,,1.0,we rank only off-homepage (1)
mango fruit buy online,10,1300,25.0,11,4.0,,4.0,4.0,we lead
mango fruit online,10,1300,24.0,43,8.0,,8.0,8.0,we lead
ratnagiri hapus,3,1300,40.0,13,8.0,,8.0,1.0,they lead
order mangoes online,14,1300,19.0,1,18.0,,18.0,10.0,they lead
ratnagiri alphonso,44,880,24.0,0,3.0,4.0,3.0,1.0,we lead
alphonso mango online purchase,13,720,30.0,3,2.0,,2.0,1.0,we lead
alphonso mango india,7,720,36.0,4,1.0,1.0,1.0,1.0,we lead
buy alphonso mango online,2,720,24.0,64,1.0,1.0,1.0,1.0,we lead
india alphonso mango,5,720,26.0,21,1.0,,1.0,1.0,we lead
indian mango farmer,31,720,36.0,0,,,,,we do not rank on homepage
buy hapus mango,1,590,29.0,53,,,,2.0,we rank only off-homepage (2)
ratnagiri aam,57,590,17.0,0,1.0,2.0,1.0,1.0,we lead
ratnagiri mango price,59,590,10.0,0,,1.0,1.0,1.0,we lead
buy alphonso mango,10,590,23.0,5,1.0,3.0,1.0,1.0,we lead
order alphonso mangoes online,1,590,27.0,76,,,,4.0,we rank only off-homepage (4)
mango seller,17,480,50.0,1,12.0,,12.0,12.0,we lead
farm fresh mangoes,3,480,18.0,24,,,,65.0,we rank only off-homepage (65)
sakkath mango,45,390,30.0,0,62.0,,62.0,8.0,they lead
organic mangoes online,41,390,24.0,0,,,,42.0,we rank only off-homepage (42)
best place to buy mangoes online,11,320,14.0,1,17.0,,17.0,17.0,they lead
hapus mango in mumbai,4,320,23.0,4,2.0,,2.0,2.0,we lead
farmseindia,44,320,37.0,0,,,,,we do not rank on homepage
alphonso mango in mumbai,4,320,17.0,9,1.0,3.0,1.0,1.0,we lead
himsagar mango online,46,320,4.0,0,,,,28.0,we rank only off-homepage (28)
online mango delivery,13,320,23.0,1,16.0,,16.0,16.0,they lead
maharashtra mango,21,320,30.0,0,4.0,8.0,4.0,4.0,we lead
ratnagiri mango farm,39,260,13.0,0,15.0,9.0,9.0,9.0,we lead
organic mango farms,29,260,17.0,0,,,,,we do not rank on homepage
mango bazaar,35,260,32.0,0,,,,6.0,we rank only off-homepage (6)
alphonso mango mumbai price,13,260,13.0,0,1.0,,1.0,1.0,we lead
alphonso mango price in mumbai,29,260,12.0,0,1.0,,1.0,1.0,we lead
real alphonso mango,2,210,29.0,10,1.0,7.0,1.0,1.0,we lead
thathachariar gardens,41,210,28.0,0,,,,,we do not rank on homepage
mango mumbai,11,210,41.0,0,4.0,7.0,4.0,4.0,we lead
alphonso mango seeds,47,210,4.0,0,17.0,,17.0,17.0,we lead
fresh alphonso mango,1,210,23.0,18,2.0,,2.0,2.0,they lead
farm2you,20,210,37.0,0,43.0,,43.0,43.0,they lead
ratnagiri hapus mango online,4,210,30.0,10,2.0,,2.0,2.0,we lead
alphonso mango in delhi,54,170,16.0,0,1.0,2.0,1.0,1.0,we lead
buy alphonso mango tree,38,170,14.0,0,,,,,we do not rank on homepage
best alphonso mangoes,4,170,27.0,8,2.0,,2.0,2.0,we lead
original alphonso mango,2,170,51.0,8,3.0,1.0,1.0,1.0,we lead
mango godown,39,170,29.0,0,,,,42.0,we rank only off-homepage (42)
konkan mango,45,140,9.0,0,3.0,1.0,1.0,1.0,we lead
order organic mangoes online,21,140,16.0,0,35.0,,35.0,35.0,they lead
best alphonso mangoes in india,3,140,24.0,7,7.0,,7.0,7.0,they lead
farmse,50,140,37.0,0,,,,,we do not rank on homepage
desai mango,38,110,31.0,0,,,,29.0,we rank only off-homepage (29)
buy organic mangoes,6,110,27.0,2,,,,53.0,we rank only off-homepage (53)
ar4 mangoes,47,110,37.0,0,,,,20.0,we rank only off-homepage (20)
ar4 organic mango farms,45,110,30.0,0,,,,,we do not rank on homepage
alphonso hapus mango,4,110,29.0,4,1.0,,1.0,1.0,we lead
alphonso online,2,110,25.0,7,,,,1.0,we rank only off-homepage (1)
how to sell mangoes online,36,110,10.0,0,,,,6.0,we rank only off-homepage (6)
ratnagiri alphonso mango online,4,110,15.0,5,,,,13.0,we rank only off-homepage (13)
