host,DR,links,traffic
google.co.in,91.0,1,3926214
lead.itxoft.com,81.0,1,0
storeleads.app,76.0,1,6692
appbrain.com,76.0,1,3083243
factmags.com,75.0,1,0
brandfetch.com,73.0,1,1311362
backlinker.shop,71.0,1,0
indusappstore.com,71.0,1,133256
buybacklinks.agency,69.0,1,0
scam-detector.com,68.0,1,167234
chrome-stats.com,68.0,1,432905
rank-top.click,59.0,1,0
ranklinkerpro.shop,54.0,1,0
seorankflow.shop,54.0,1,0
rankboostly.shop,54.0,1,0
linkrankpro.shop,54.0,1,0
seoexpress.org,54.0,1,0
buyseobacklinks.shop,54.0,1,0
rankxlinks.shop,54.0,1,0
authoritybacklinks.shop,53.0,1,0
pbnseolinks.shop,53.0,1,0
ranklinkpro.shop,52.0,1,0
linkrankseo.shop,52.0,1,0
seolinkpro.shop,52.0,1,0
ranklinkx.shop,52.0,1,0
linkseopro.shop,52.0,1,0
linkrankboost.shop,52.0,1,0
premiumseolinks.shop,52.0,1,0
toplinkranker.shop,52.0,1,0
seo-high-ranking.shop,51.0,1,0
thereviewgeek.com,51.0,1,64546
subdomainfinder.c99.nl,50.0,1,27349
seoexpress.site,49.0,1,0
link-baron-optimal-organic-collective.store,49.0,1,0
seoexpress.website,49.0,1,0
activeshop.shop,49.0,1,0
backlinksplace.site,49.0,1,0
kmoshops.shop,49.0,1,0
thetoprankingseo.shop,49.0,1,0
theseohighranking.shop,49.0,1,0
backlinkshop.site,49.0,1,0
seohighranking.shop,49.0,1,0
seoexpress-modern-backlink-platform.store,48.0,1,0
seoexpress-marketing-exchange.store,48.0,1,0
seoexpress-leading-dofollow-pros.store,48.0,1,0
seoexpress-dr-90-group.store,48.0,1,0
premium-dofollow-link-network.rankinghighseo.shop,48.0,1,0
seoexpress-digital-system.store,48.0,1,0
seoexpress-content-experts.store,48.0,1,0
paramount-collective-outrank-hq-dr-90.store,48.0,1,0
seoexpress-best-seo-firm.store,48.0,1,0
powerful-link-velocity-and-tier-one-exchange.store,48.0,1,0
seoexpress-best-outreach-experts.store,48.0,1,0
seoexpress-ranking-hub.store,48.0,1,0
premium-seoexpress-digital-solutions.store,48.0,1,0
thehighrankseo.shop,48.0,1,0
thehighseo.shop,48.0,1,0
backlink-pro-anchor-text-and-click-through-hub.store,48.0,1,0
backlink-pro-and-traffic-surge-prime-experts.store,48.0,1,0
backlink-pro-click-through-and-link-building-depot.store,48.0,1,0
theseomasterhigh.shop,48.0,1,0
seorankinghigh.shop,48.0,1,0
smart-indexer-seoexpress.store,48.0,1,0
shop-inframe.shop,48.0,1,0
shopbetreiber-blog.shop,48.0,1,0
supreme-anchor-text-provider-seoexpress.store,48.0,1,0
smart-marketing-seoexpress.store,48.0,1,0
seoexpress.shop,48.0,1,0
domain-rating-authority-link-and-serp-boost-services.store,48.0,1,0
outrank-hq-legendary-white-hat.store,48.0,1,0
outrank-hq-master-anchor-text.store,48.0,1,0
outrank-hq-modern-wiki-branch.store,48.0,1,0
optimal-website-outrank-hq.store,48.0,1,0
organic-traffic-and-outreach-pro-authority-services.store,48.0,1,0
organic-traffic-ranking-signal-and-outreach-pro-bureau.store,48.0,1,0
outrank-hq-prime-blogger.store,48.0,1,0
outreach-pro-and-index-rate-expert-syndicate.store,48.0,1,0
outrank-hq-anchor-text-center.store,48.0,1,0
outrank-hq-dr-90-paramount-system.store,48.0,1,0
outrank-hq-engine-dofollow.store,48.0,1,0
smart-seoexpress-webpage-experts.store,48.0,1,0
cluster-rank-forge-academy.store,48.0,1,0
content-marketing-search-rank-and-search-rank-syndicate.store,48.0,1,0
contextual-link-baron-services.store,48.0,1,0
link-juice-crawl-budget-and-page-rank-solutions.store,48.0,1,0
premium-tier-1-company-seoexpress.store,48.0,1,0
prime-depot-for-digital-pr-and-ranking-signal.store,48.0,1,0
prime-white-hat-seoexpress-network.store,48.0,1,0
powerful-editorial-link-and-contextual-link-syndicate.store,48.0,1,0
powerful-link-building-hub-seoexpress.store,48.0,1,0
proven-serp-boost-and-outreach-pro-services.store,48.0,1,0
professional-seo-backlink-catalog.simplywebshop.shop,48.0,1,0
professional-seoexpress-high-da-partners.store,48.0,1,0
professional-seoexpress-marketing-studio.store,48.0,1,0
seoexpress.online,48.0,1,0
premium-seoexpress-outreach-provider.store,48.0,1,0
proven-network-for-ranking-signal-and-keyword-rank.store,48.0,1,0
rankingseohigh.shop,48.0,1,0
123webshop.shop,48.0,1,0
golden-link-building-rank-forge.store,48.0,1,0
trusted-web-authority-directory.seoexpress-keyword-network.store,48.0,1,0
ultimate-depot-for-search-rank-and-content-marketing.store,48.0,1,0
ultimate-seoexpress-niche-edit-experts.store,48.0,1,0
trusted-agency-for-niche-edit-and-link-building.store,48.0,1,0
trusted-off-page-pros-seoexpress.store,48.0,1,0
trusted-organic-seoexpress-house.store,48.0,1,0
trusted-organic-traffic-and-link-building-central.store,48.0,1,0
verified-seoexpress-search-directory.store,48.0,1,0
proven-backlink-pro-and-outreach-pro-partners.store,48.0,1,0
seoexpress-off-page-solutions.store,48.0,1,0
seoexpress-organic-partners.store,48.0,1,0
seoexpress-outreach-team.store,48.0,1,0
seoexpress-pbn-company.store,48.0,1,0
seoexpress-pbn-experts.store,48.0,1,0
seoexpress-professional-white-hat-team.store,48.0,1,0
seoexpress-superior-on-page-house.store,48.0,1,0
seoexpress-verified-high-da-consultants.store,48.0,1,0
seoexpress-verified-website-system.store,48.0,1,0
seoexpress-website-experts.store,48.0,1,0
seoexpress-white-hat-group.store,48.0,1,0
theguestposts.shop,48.0,1,0
brilliant-edu-link-firm-outrank-hq.store,48.0,1,0
click-through-link-equity-and-authority-link-services.store,48.0,1,0
seoexpress.space,48.0,1,0
seoexpress.store,48.0,1,0
ctr-agency-rank-forge.store,48.0,1,0
crawl-budget-and-page-rank-expert-partners.store,48.0,1,0
crawl-budget-organic-traffic-and-contextual-link-central.store,48.0,1,0
seoexpress-backlink-hub.store,48.0,1,0
rent-a-shop.shop,48.0,1,0
certified-link-building-seoexpress.store,48.0,1,0
certified-rank-forge-anchor-text-lab.store,48.0,1,0
certified-seoexpress-organic-services.store,48.0,1,0
seoexpress-anchor-text-experts.store,48.0,1,0
seoexpress-authority-portal.store,48.0,1,0
seoexpress-master-digital-portal.store,48.0,1,0
guest-posting-and-link-equity-strategic-syndicate.store,48.0,1,0
grand-link-baron-league.store,48.0,1,0
link-juice-traffic-surge-and-traffic-surge-collective.store,48.0,1,0
link-velocity-tier-one-and-editorial-link-consortium.store,48.0,1,0
link-baron-grand-cluster-works.store,48.0,1,0
link-baron-innovative-press-release-house.store,48.0,1,0
link-baron-link-juice-optimal-marketplace.store,48.0,1,0
link-baron-luxury-anchor-text-partners.store,48.0,1,0
exclusive-webpage-center-seoexpress.store,48.0,1,0
expert-domain-seoexpress-specialists.store,48.0,1,0
expert-organic-seoexpress.store,48.0,1,0
expert-search-seoexpress-team.store,48.0,1,0
link-baron-wiki-leading-system.store,48.0,1,0
link-building-contextual-link-and-anchor-text-network.store,48.0,1,0
link-equity-guest-posting-and-click-through-studio.store,48.0,1,0
therankingseohigh.shop,48.0,1,0
expert-seoexpress-authority-directory.store,48.0,1,0
expert-systems-for-traffic-surge-and-digital-pr.store,48.0,1,0
exclusive-backlink-seoexpress-firm.store,48.0,1,0
exclusive-keyword-team-seoexpress.store,48.0,1,0
exclusive-link-baron-search-syndicate.store,48.0,1,0
exclusive-traffic-experts-seoexpress.store,48.0,1,0
flagship-digital-pr-and-editorial-link-central.store,48.0,1,0
flagship-niche-edit-and-link-building-services.store,48.0,1,0
forum-provider-link-baron.store,48.0,1,0
dynamic-systems-for-serp-boost-and-contextual-link.store,48.0,1,0
dr-90-rank-forge-department.store,48.0,1,0
elite-outreach-seoexpress-pros.store,48.0,1,0
elite-seoexpress-link-building-team.store,48.0,1,0
epic-webpage-rank-forge-academy.store,48.0,1,0
first-class-seoexpress-keyword-exchange.store,48.0,1,0
high-domain-seoexpress-center.store,48.0,1,0
trusted-seoexpress-backlink-experts.store,48.0,1,0
grand-rank-forge-topical-desk.store,48.0,1,0
global-keyword-seoexpress.store,48.0,1,0
global-seo-group-seoexpress.store,48.0,1,0
high-authority-link-directory.epic-syndicate-link-baron-keyword.store,48.0,1,0
high-crew-link-baron-intent.store,48.0,1,0
high-da-and-crawl-budget-strategic-exchange.store,48.0,1,0
high-domain-authority-directory.verified-digital-firm-seoexpress.store,48.0,1,0
proven-services-for-serp-boost-and-link-velocity.store,48.0,1,0
high-outrank-hq-dofollow-platform.store,48.0,1,0
instant-webpage-seoexpress-consultants.store,48.0,1,0
kawaiishop.shop,48.0,1,0
keyword-rank-and-domain-rating-leading-hub.store,48.0,1,0
link-baron-agile-on-page-directory.store,48.0,1,0
highseo.shop,48.0,1,0
highseoranking.shop,48.0,1,0
header-link-portal-link-baron.store,48.0,1,0
link-baron-da-pa-luxury-directory.store,48.0,1,0
global-authority-seoexpress-group.store,48.0,1,0
global-digital-seoexpress-portal.store,48.0,1,0
global-guest-post-seoexpress-group.store,48.0,1,0
traffic-surge-and-backlink-pro-leading-consortium.store,48.0,1,0
traffic-surge-digital-pr-and-outreach-pro-agency.store,48.0,1,0
link-baron-pro-off-page.store,48.0,1,0
link-baron-pro-press-release.store,48.0,1,0
link-baron-syndicate-equity.store,48.0,1,0
leading-hub-for-page-rank-and-contextual-link.store,48.0,1,0
leading-partners-for-domain-rating-and-do-follow.store,48.0,1,0
high-seoexpress-organic-team.store,48.0,1,0
master-off-page-seoexpress-directory.store,48.0,1,0
master-rank-forge-pbn-league.store,48.0,1,0
master-seoexpress-content-consultants.store,48.0,1,0
official-on-page-link-baron-division.store,48.0,1,0
official-saas-seo-outrank-hq-collective.store,48.0,1,0
official-seoexpress-white-hat-team.store,48.0,1,0
mysky-shop.shop,48.0,1,0
master-seoexpress-guest-post-partners.store,48.0,1,0
master-seoexpress-search-agency.store,48.0,1,0
definitive-team-link-baron-wiki.store,48.0,1,0
digital-pr-and-crawl-budget-leading-central.store,48.0,1,0
digital-pr-and-domain-rating-premium-experts.store,48.0,1,0
digital-pr-keyword-rank-and-crawl-budget-experts.store,48.0,1,0
official-anchor-text-seoexpress-system.store,48.0,1,0
editorial-backlink-source-hub.review-link-system-link-baron.store,48.0,1,0
official-domain-seoexpress.store,48.0,1,0
thebacklink.shop,48.0,1,0
thebacklinks.shop,48.0,1,0
bold-contextual-rank-forge-consultants.store,48.0,1,0
bold-outrank-hq-serp-workshop.store,48.0,1,0
best-seoexpress-off-page-network.store,48.0,1,0
best-keyword-seoexpress-portal.store,48.0,1,0
thehighseoranking.shop,48.0,1,0
therankboostseo.shop,48.0,1,0
premium-studio-for-white-hat-and-index-rate.store,48.0,1,0
supreme-dofollow-seoexpress-hub.store,48.0,1,0
theseorankinghigh.shop,48.0,1,0
tier-one-and-domain-rating-trusted-exchange.store,48.0,1,0
theguestpost.shop,48.0,1,0
official-center-outrank-hq-search.store,48.0,1,0
editorial-link-outreach-pro-and-high-da-systems.store,48.0,1,0
ekenkoshop.shop,48.0,1,0
dynamic-cooperative-link-baron-saas-seo.store,48.0,1,0
advanced-search-seoexpress-pros.store,48.0,1,0
advanced-seo-firm-seoexpress.store,48.0,1,0
agile-footer-link-system-link-baron.store,48.0,1,0
anchor-text-and-index-rate-trusted-syndicate.store,48.0,1,0
advanced-keyword-group-seoexpress.store,48.0,1,0
advanced-link-building-group-seoexpress.store,48.0,1,0
advanced-ranking-seoexpress-specialists.store,48.0,1,0
advanced-saas-seo-directory-outrank-hq.store,48.0,1,0
advanced-search-rank-and-niche-edit-depot.store,48.0,1,0
apex-outrank-hq-organic-platform.store,48.0,1,0
advanced-services-for-crawl-budget-and-niche-edit.store,48.0,1,0
master-guest-posting-and-link-velocity-studio.store,48.0,1,0
authentic-tier-1-partners-seoexpress.store,48.0,1,0
authority-do-follow-and-do-follow-network.store,48.0,1,0
authority-services-for-link-juice-and-contextual-link.store,48.0,1,0
lixil-reformshop.shop,48.0,1,0
luxury-niche-edit-seoexpress-services.store,48.0,1,0
luxury-outrank-hq-crew.store,48.0,1,0
luxury-seoexpress-tier-1-house.store,48.0,1,0
elite-authority-marketplace-seoexpress.store,48.0,1,0
elite-crawl-budget-and-link-velocity-marketplace.store,48.0,1,0
elite-domain-seoexpress-consultants.store,48.0,1,0
elite-editorial-outrank-hq.store,48.0,1,0
modern-authority-seoexpress.store,48.0,1,0
modern-guest-post-consultants-seoexpress.store,48.0,1,0
modern-organic-group-seoexpress.store,48.0,1,0
master-digital-studio-seoexpress.store,48.0,1,0
authentic-seoexpress-keyword-firm.store,48.0,1,0
anchorlivo.shop,47.0,1,0
backlink-pro-and-backlink-pro-powerful-agency.store,47.0,1,0
bye.fyi,47.0,1,0
master-white-hat-and-do-follow-solutions.store,47.0,1,0
dynamic-niche-edit-and-contextual-link-systems.store,47.0,1,0
37486175.xyz,46.0,1,0
37486173.xyz,46.0,1,0
37486151.xyz,46.0,1,0
37486108.xyz,46.0,1,0
37486113.xyz,46.0,1,0
37486112.xyz,46.0,1,0
37486122.xyz,46.0,1,0
37486143.xyz,46.0,1,0
37486141.xyz,46.0,1,0
37486167.xyz,46.0,1,0
37486170.xyz,46.0,1,0
37486309.xyz,46.0,1,0
37486319.xyz,46.0,1,0
37486199.xyz,46.0,1,0
54232748.xyz,46.0,1,0
54232753.xyz,46.0,1,0
54232754.xyz,46.0,1,0
54232759.xyz,46.0,1,0
37486502.xyz,46.0,1,0
37486488.xyz,46.0,1,0
37486462.xyz,46.0,1,0
37486460.xyz,46.0,1,0
37486209.xyz,46.0,1,0
37486200.xyz,46.0,1,0
37486668.xyz,46.0,1,0
37486131.xyz,46.0,1,0
37486114.xyz,46.0,1,0
37486166.xyz,46.0,1,0
37486162.xyz,46.0,1,0
37486161.xyz,46.0,1,0
37486195.xyz,46.0,1,0
37486196.xyz,46.0,1,0
37486178.xyz,46.0,1,0
37486190.xyz,46.0,1,0
37486176.xyz,46.0,1,0
37486420.xyz,46.0,1,0
37486435.xyz,46.0,1,0
37486434.xyz,46.0,1,0
37486374.xyz,46.0,1,0
37486439.xyz,46.0,1,0
37486506.xyz,46.0,1,0
37486619.xyz,46.0,1,0
37486419.xyz,46.0,1,0
37486529.xyz,46.0,1,0
37486538.xyz,46.0,1,0
37486318.xyz,46.0,1,0
37486286.xyz,46.0,1,0
37486280.xyz,46.0,1,0
37486321.xyz,46.0,1,0
37486277.xyz,46.0,1,0
37486262.xyz,46.0,1,0
37486261.xyz,46.0,1,0
37486229.xyz,46.0,1,0
37486220.xyz,46.0,1,0
37486218.xyz,46.0,1,0
37486216.xyz,46.0,1,0
37486214.xyz,46.0,1,0
37486308.xyz,46.0,1,0
37486307.xyz,46.0,1,0
37486304.xyz,46.0,1,0
37486295.xyz,46.0,1,0
37486290.xyz,46.0,1,0
37486289.xyz,46.0,1,0
37486368.xyz,46.0,1,0
37486438.xyz,46.0,1,0
37486373.xyz,45.0,1,0
37486428.xyz,45.0,1,0
37486408.xyz,45.0,1,0
37486348.xyz,45.0,1,0
37486335.xyz,45.0,1,0
37486413.xyz,45.0,1,0
37486409.xyz,45.0,1,0
37486397.xyz,45.0,1,0
37486414.xyz,45.0,1,0
37486399.xyz,45.0,1,0
quero.party,45.0,1,0
37486400.xyz,45.0,1,0
37486349.xyz,45.0,1,0
11763859.xyz,44.0,1,0
11763921.xyz,44.0,1,0
11763899.xyz,44.0,1,0
11763894.xyz,44.0,1,0
11763888.xyz,44.0,1,0
11763885.xyz,44.0,1,0
11763882.xyz,44.0,1,0
11763863.xyz,44.0,1,0
11763926.xyz,44.0,1,0
11763755.xyz,44.0,1,0
11763783.xyz,44.0,1,0
11763758.xyz,44.0,1,0
11763833.xyz,44.0,1,0
11763848.xyz,44.0,1,0
11763731.xyz,44.0,1,0
11763742.xyz,44.0,1,0
11763826.xyz,44.0,1,0
11763855.xyz,44.0,1,0
11763987.xyz,44.0,1,0
trafficspike.shop,44.0,1,0
11763972.xyz,44.0,1,0
11763988.xyz,44.0,1,0
11764002.xyz,44.0,1,0
11764003.xyz,44.0,1,0
11763949.xyz,44.0,1,0
11763930.xyz,44.0,1,0
11763929.xyz,44.0,1,0
11763933.xyz,44.0,1,0
11764017.xyz,44.0,1,0
11764016.xyz,44.0,1,0
11763961.xyz,44.0,1,0
11763960.xyz,44.0,1,0
11764007.xyz,44.0,1,0
11763959.xyz,44.0,1,0
11764030.xyz,44.0,1,0
11764023.xyz,44.0,1,0
11764012.xyz,44.0,1,0
11764008.xyz,44.0,1,0
appshunter.io,42.0,1,1580
creativeposts.top,41.0,1,0
blogsphere.top,41.0,1,0
byteshort.xyz,41.0,1,0
atomizelink.icu,41.0,1,0
charusolutions.com,40.0,1,0
betulcrime.com,40.0,1,0
metamagic.top,39.0,1,0
analyticshaven.top,39.0,1,0
screenshots.wiki,38.0,1,0
weddingaffair.co.in,37.0,1,3780
dailymusings.top,37.0,1,0
optimizeflow.top,37.0,1,0
sites.jake.eu,36.0,1,0
rankseocollective.shop,34.0,1,0
rankseojunction.shop,34.0,1,0
rankgrowthpartners.shop,34.0,1,0
seoboostsystems.shop,34.0,1,0
toprankservice.shop,34.0,1,0
webrankresults.shop,34.0,1,0
webrankinsights.shop,34.0,1,0
rankgrowthgroup.shop,34.0,1,0
rankseomasters.shop,34.0,1,0
searchrankbuilders.shop,34.0,1,0
searchrankgroup.shop,34.0,1,0
siterankacademy.shop,34.0,1,0
pageseoexpress.shop,34.0,1,0
pageseotoolkit.shop,34.0,1,0
pageseopartners.shop,34.0,1,0
pageseonetwork.shop,34.0,1,0
organicrankdirect.shop,34.0,1,0
domainrankexpress.shop,34.0,1,0
pageseoresults.shop,34.0,1,0
pageseosystems.shop,34.0,1,0
organicranksystems.shop,34.0,1,0
domainrankpartners.shop,34.0,1,0
siteranksolutions.shop,34.0,1,0
siterankservice.shop,34.0,1,0
domainrankteam.shop,34.0,1,0
domainrankacademy.shop,34.0,1,0
domainrankresults.shop,34.0,1,0
domainrankprovider.shop,34.0,1,0
linkcollective.shop,34.0,1,0
toprankcompany.shop,34.0,1,0
seolinkcompany.shop,34.0,1,0
seolinkfactory.shop,34.0,1,0
onlyhealthydeals.com,34.0,1,0
backlinkinsights.shop,34.0,1,0
toprankacademy.shop,34.0,1,0
seogrowthpipeline.shop,34.0,1,0
backlinkbuilders.shop,34.0,1,0
linkseonetwork.shop,34.0,1,0
backlinkmasters.shop,34.0,1,0
linkgrowthstudio.shop,34.0,1,0
linkseoservice.shop,34.0,1,0
linkseoalliance.shop,34.0,1,0
siterankbuilders.shop,34.0,1,0
seolinkcentral.shop,34.0,1,0
serpcollective.shop,34.0,1,0
seogrowthresults.shop,34.0,1,0
linkgrowthinsights.shop,34.0,1,0
linkgrowthsource.shop,34.0,1,0
rankyour.website,33.0,1,0
crawltera.shop,30.0,1,0
brightseohub.shop,30.0,1,0
crawlrivo.shop,30.0,1,0
crawlqaro.shop,30.0,1,0
crawlmexa.shop,30.0,1,0
crawlmiro.shop,30.0,1,0
crawlnaro.shop,30.0,1,0
clearranklab.shop,30.0,1,0
clearseohub.shop,30.0,1,0
clearseolink.shop,30.0,1,0
clearboosthub.shop,30.0,1,0
seogeko.shop,30.0,1,0
brightseolink.shop,30.0,1,0
linklivo.shop,30.0,1,0
linkrivo.shop,30.0,1,0
linkmexa.shop,30.0,1,0
linkharvest.shop,30.0,1,0
linklora.shop,30.0,1,0
authoritypeak.shop,30.0,1,0
linkqira.shop,30.0,1,0
authoritywave.shop,30.0,1,0
linkqaro.shop,30.0,1,0
swiftseohub.shop,30.0,1,0
anchorrixa.shop,30.0,1,0
anchorqaro.shop,30.0,1,0
anchornaro.shop,30.0,1,0
anchorviro.shop,30.0,1,0
swiftranklab.shop,30.0,1,0
swiftlinkpro.shop,30.0,1,0
brightlinkpro.shop,30.0,1,0
brightranklab.shop,30.0,1,0
brightboosthub.shop,30.0,1,0
linkmiro.shop,30.0,1,0
linknaro.shop,30.0,1,0
freshseolink.shop,30.0,1,0
grandseohub.shop,30.0,1,0
grandranklab.shop,30.0,1,0
freshseohub.shop,30.0,1,0
freshranklab.shop,30.0,1,0
freshboosthub.shop,30.0,1,0
grandlinkpro.shop,30.0,1,0
grandseolink.shop,30.0,1,0
grandboosthub.shop,30.0,1,0
seoagency.sale,29.0,1,0
goooogla.com,29.0,1,0
domains.com.bz,28.0,1,0
bitproperty.online,25.0,1,0
homesforsaleoldgreenwichct.com,23.0,1,0
addurl.in,20.0,1,0
canlisohbethatlari.online,20.0,1,0
kkinsider.com,19.0,1,0
nitinenterprises.shop,18.0,1,0
getwebsiteworth.com,15.0,1,0
topbillion.net,14.0,1,0
rankpilot.shop,13.0,1,0
onvaxs.com,12.0,1,0
rankongoogle.agency,12.0,1,0
booksreadr.org,11.0,1,0
fastlifesite.com,10.0,1,0
websiterace.com,10.0,1,0
theforbestimes.com,10.0,1,0
hylocal.app,10.0,1,0
gamerkun.com,9.0,1,0
globalecommerce.org,9.0,1,0
allwebsitesdirectory.com,8.0,1,0
alljobs.info,8.0,1,0
ready.pro,8.0,1,0
way2check.cv,7.0,1,0
ycm.info,7.0,1,0
newsblogsports.site,7.0,1,0
digitalboost.site,6.0,1,2
pudhe.com,6.0,1,0
findit.co.in,6.0,1,0
wecelebrities.com,6.0,1,0
plrdownloadshub.com,6.0,1,0
read.org.in,6.0,1,0
pagesearch.net,6.0,1,0
acquire.co.in,6.0,1,0
topranking.shop,5.0,1,0
boosttraffic.site,5.0,1,0
rankfirst.shop,5.0,1,0
allinone.co.in,5.0,1,0
trafficexperts.site,5.0,1,0
localranking.site,5.0,1,0
winningseo.site,5.0,1,0
searchwins.shop,5.0,1,0
organictraffic.site,5.0,1,0
fastranking.shop,5.0,1,0
eliteseo.site,5.0,1,0
growwithseo.shop,5.0,1,0
getranked.site,5.0,1,0
backlinkon.com,4.9,1,0
indexaward.com,4.9,1,0
bestwebstats.com,4.3,1,0
tunca.org,4.2,1,0
domainsc.com,4.2,1,0
domaindexer.com,3.8,1,0
quotesblom.com,3.5,1,0
linksnatcher.com,3.5,1,0
archive-hu.com,3.3,1,0
s-tribe.net,3.2,1,0
indians.cc,2.7,1,0
homefinance.co.in,2.5,1,0
backlinksbank.com,2.1,1,0
uncledspizza.com,2.0,1,0
wallpapers.pro,2.0,1,0
dupurgeniefr.com,1.8,1,0
domainwork.space,1.8,1,0
preparation.co.in,1.5,1,0
findinfo.in,1.5,1,0
domainanalysis.org,1.5,1,0
rankcrate.shop,1.4,1,0
seotrove.shop,1.4,1,0
seobazaar.shop,1.4,1,0
bisprofit.com,1.3,1,0
bestwebsitechecker.website,1.1,1,0
sporstcenter.com,1.1,1,0
backlinkstree.com,0.9,1,0
nexusnext.agency,0.9,1,0
backlinkshop.shop,0.8,1,0
rankdeals.shop,0.8,1,0
cgpa2percentag.com,0.8,1,0
linkbundle.shop,0.8,1,0
linkwares.shop,0.8,1,0
rankoutlet.shop,0.8,1,0
rankgoods.shop,0.7,1,0
seocartly.shop,0.7,1,0
seostash.shop,0.7,1,0
seoprime.shop,0.7,1,0
rankpicks.shop,0.7,1,0
rankchest.shop,0.7,1,0
rankwares.shop,0.7,1,0
nexabacklinks.shop,0.7,1,0
backlinkzeno.shop,0.7,1,0
backlinkvault.shop,0.7,1,0
linkstock.shop,0.7,1,0
ranktrove.shop,0.7,1,0
linkpicks.shop,0.7,1,0
linkrank.shop,0.7,1,0
rankloot.shop,0.7,1,0
seosupply.shop,0.7,1,0
linkory.shop,0.7,1,0
linksnexa.shop,0.7,1,0
linkstash.shop,0.7,1,0
seobox.shop,0.7,1,0
seochest.shop,0.7,1,0
linktrove.shop,0.7,1,0
rankgear.shop,0.7,1,0
seobundle.shop,0.7,1,0
seogo.shop,0.7,1,0
linkloot.shop,0.7,1,0
linkstockly.shop,0.7,1,0
rankprime.shop,0.7,1,0
seobits.shop,0.7,1,0
seomart.shop,0.7,1,0
rankfinds.shop,0.7,1,0
primebacklinks.shop,0.7,1,0
seowarez.shop,0.7,1,0
seofinds.shop,0.7,1,0
backlinkorbit.shop,0.7,1,0
seogear.shop,0.7,1,0
rankbundle.shop,0.7,1,0
rankbox.shop,0.7,1,0
rankbasket.shop,0.7,1,0
backlinkmart.shop,0.7,1,0
seolinkkart.shop,0.7,1,0
seokart.shop,0.7,1,0
guestpostlinks.shop,0.7,1,0
seopicks.shop,0.7,1,0
seooutlet.shop,0.7,1,0
rankcart.shop,0.7,1,0
seoedge.shop,0.7,1,0
rankseohub.shop,0.7,1,0
linkforgepro.shop,0.7,1,0
linkfinds.shop,0.7,1,0
rankwagon.shop,0.7,1,0
seowares.shop,0.7,1,0
linkchest.shop,0.7,1,0
rankstash.shop,0.7,1,0
rankstock.shop,0.7,1,0
wonvision.com,0.7,1,0
linkcrate.shop,0.7,1,0
seodepot.shop,0.7,1,0
seocrate.shop,0.7,1,0
seoloot.shop,0.7,1,0
rankmall.shop,0.7,1,0
rankdepot.shop,0.7,1,0
linkdepot.shop,0.7,1,0
way2check.art,0.6,1,0
freebacklinkschecker.shop,0.6,1,0
bripto.shop,0.6,1,0
domain.com.lc,0.6,1,0
indiadesktop.com,0.6,1,3
backlinkschecker.site,0.5,1,0
bulklinkchecker.online,0.5,1,0
padacheckertool.store,0.5,1,0
mp3fresh.net,0.5,1,0
taxies.biz,0.4,1,0
marathiladies.com,0.2,1,0
marinasone.com,0.2,1,0
nivira.shop,0.2,1,0
rankseoalliance.shop,0.2,1,0
thirty.co.in,0.2,1,0
linkseoinsights.shop,0.2,1,0
toprankresults.shop,0.1,1,0
seolinkexpress.shop,0.1,1,0
guestbacklink.link,0.1,1,0
seogrowthstudio.shop,0.1,1,0
seogrowthprovider.shop,0.1,1,0
digitalchatni.com,0.1,1,0
seogrowthengine.shop,0.1,1,0
rankseotoolkit.shop,0.1,1,0
rankseoservice.shop,0.1,1,0
seogrowthalliance.shop,0.1,1,0
rankseoprovider.shop,0.1,1,0
backlinkengine.shop,0.1,1,0
backlinkportal.link,0.1,1,0
backlinkpartners.shop,0.1,1,0
googleseoauthority.shop,0.1,1,0
backlinkocean.link,0.1,1,0
searchranksolutions.shop,0.1,1,0
organicrankexpress.shop,0.1,1,0
toprankalliance.shop,0.1,1,0
toprankauthority.shop,0.1,1,0
searchrankpipeline.shop,0.1,1,0
organicranknetwork.shop,0.1,1,0
searchrankexperts.shop,0.1,1,0
7-seo.info,0.1,1,0
organicrankservice.shop,0.1,1,0
searchrankcentral.shop,0.1,1,0
pageseoservice.shop,0.1,1,0
pageseomasters.shop,0.1,1,0
pageseocollective.shop,0.1,1,0
topseobacklink.link,0.1,1,0
toprankprovider.shop,0.1,1,0
toprankpartners.shop,0.1,1,0
primenewsartical.com,0.1,1,0
rankgrowthinsights.shop,0.1,1,0
rankgrowthboost.shop,0.1,1,0
siterankexpress.shop,0.1,1,0
plurio.shop,0.1,1,0
rankgrowthagency.shop,0.1,1,0
linkgrowthcompany.shop,0.1,1,0
linkgrowthauthority.shop,0.1,1,0
seoboostresults.shop,0.1,1,0
blogerreviewers.com,0.1,1,0
linkseoauthority.shop,0.1,1,0
seoboostexchange.shop,0.1,1,0
seoboostcompany.shop,0.1,1,0
seoboostalliance.shop,0.1,1,0
seoboostacademy.shop,0.1,1,0
webrankprovider.shop,0.1,1,0
geobacklinks.link,0.1,1,0
siterankprovider.shop,0.1,1,0
siteranktoolkit.shop,0.1,1,0
domainrankexperts.shop,0.1,1,0
toprankmasters.shop,0.1,1,0
backlinkspulse.link,0.1,1,0
domainrankboost.shop,0.1,1,0
googleseocompany.shop,0.1,1,0
brilko.shop,0.1,1,0
rankgrowthsolutions.shop,0.1,1,0
googleseoexperts.shop,0.1,1,0
googleseopoint.shop,0.1,1,0
rankcollective.shop,0.1,1,0
sahammurah.com,0.1,1,0
googleseocraft.shop,0.1,1,0
seorivo.shop,0.0,1,0
seoscorechecker.store,0.0,1,0
cleanseolink.shop,0.0,1,0
contentreach.shop,0.0,1,0
rankzaro.shop,0.0,1,0
rankzira.shop,0.0,1,0
checkbacklinks.store,0.0,1,0
rapidlinkpro.shop,0.0,1,0
seositechecker.store,0.0,1,0
rapidboosthub.shop,0.0,1,0
seorixa.shop,0.0,1,0
canadapsilocybin.com,0.0,1,0
bulkbacklinklookup.space,0.0,1,0
bulkbacklinklookup.online,0.0,1,0
cartermanageus.com,0.0,1,0
seocheckerdapa.site,0.0,1,0
seocheckerfree.site,0.0,1,0
seocheckerfreetool.space,0.0,1,0
seocheckerrank.online,0.0,1,0
brinto.shop,0.0,1,0
seostrengthchecker.website,0.0,1,0
bramo.shop,0.0,1,0
seocheckers.space,0.0,1,0
seocheckertool.space,0.0,1,0
bulklinkchecker.site,0.0,1,0
bulklinkchecker.shop,0.0,1,0
bulkdachecker.space,0.0,1,0
bulkdacheckerfree.online,0.0,1,0
bulkdacheckertools.website,0.0,1,0
bulkdrchecker.space,0.0,1,0
seocheckers.online,0.0,1,0
cleanseohub.shop,0.0,1,0
cleanranklab.shop,0.0,1,0
cleanlinkpro.shop,0.0,1,0
cleanboosthub.shop,0.0,1,0
cinvo.shop,0.0,1,0
checkdapachecker.online,0.0,1,0
boldseolink.shop,0.0,1,0
boldseohub.shop,0.0,1,0
checkdomainbacklinks.website,0.0,1,0
bulkbacklinkreport.store,0.0,1,0
boldranklab.shop,0.0,1,0
boldlinkpro.shop,0.0,1,0
checkersite.store,0.0,1,0
seofreechecker.website,0.0,1,0
bulkbacklinkschecker.online,0.0,1,0
checkwebsitedapa.online,0.0,1,0
checkwebsitedapa.space,0.0,1,0
cinto.shop,0.0,1,0
seodachecker.website,0.0,1,0
checkersite.space,0.0,1,0
urlrankchecker.store,0.0,1,0
urlrankchecker.shop,0.0,1,0
strongseolink.shop,0.0,1,0
strongseohub.shop,0.0,1,0
strongranklab.shop,0.0,1,0
stronglinkpro.shop,0.0,1,0
strongboosthub.shop,0.0,1,0
steadyseolink.shop,0.0,1,0
steadyseohub.shop,0.0,1,0
steadyranklab.shop,0.0,1,0
backlinksseochecker.space,0.0,1,0
backlinksreport.website,0.0,1,0
backlinksreport.site,0.0,1,0
backlinksfreechecker.store,0.0,1,0
solidlinkpro.shop,0.0,1,0
bestbacklinkschecker.website,0.0,1,0
bestbacklinkschecker.store,0.0,1,0
baclinkchecker.website,0.0,1,0
baclinkchecker.online,0.0,1,0
backlinktoolchecker.website,0.0,1,0
boldboosthub.shop,0.0,1,0
blogcheckeronline.online,0.0,1,0
blogcheckerfree.site,0.0,1,0
blogbacklinkchecker.online,0.0,1,0
sitebacklinkchecker.site,0.0,1,0
siteauditchecker.site,0.0,1,0
sharpseolink.shop,0.0,1,0
sharpseohub.shop,0.0,1,0
sharpranklab.shop,0.0,1,0
sharplinkpro.shop,0.0,1,0
backlinkscheckertools.shop,0.0,1,0
websitetoolschecker.website,0.0,1,0
websitetoolschecker.site,0.0,1,0
websitestatschecker.store,0.0,1,0
websitestatschecker.online,0.0,1,0
websiteserpchecker.space,0.0,1,0
websitepageschecker.online,0.0,1,0
goodbacklinkchecker.space,0.0,1,0
growthfront.shop,0.0,1,0
growthanchor.shop,0.0,1,0
indexqano.shop,0.0,1,0
indexnexa.shop,0.0,1,0
indexnaro.shop,0.0,1,0
indexmexa.shop,0.0,1,0
indexlora.shop,0.0,1,0
urlrankingchecker.space,0.0,1,0
aurmango.com,0.0,1,0
aiseochecker.space,0.0,1,0
trueranklab.shop,0.0,1,0
truelinkpro.shop,0.0,1,0
trueboosthub.shop,0.0,1,0
trafficcrest.shop,0.0,1,0
urlrankchecker.online,0.0,1,0
urlbacklinkschecker.space,0.0,1,0
trustflowchecker.site,0.0,1,0
trustflowchecker.online,0.0,1,0
trustedsignal.shop,0.0,1,0
trueseohub.shop,0.0,1,0
vividseohub.shop,0.0,1,0
whatisdapachecker.store,0.0,1,0
visibilitycraft.shop,0.0,1,0
indexlivo.shop,0.0,1,0
seoxaro.shop,0.0,1,0
serpmiro.shop,0.0,1,0
serplora.shop,0.0,1,0
serplivo.shop,0.0,1,0
serpfreechecker.site,0.0,1,0
serpcheckertool.space,0.0,1,0
serpcheckers.website,0.0,1,0
serpcheckers.space,0.0,1,0
serpcheckers.online,0.0,1,0
serpxaro.shop,0.0,1,0
serpvilo.shop,0.0,1,0
serpvexa.shop,0.0,1,0
serprivo.shop,0.0,1,0
serpqaro.shop,0.0,1,0
sharpboosthub.shop,0.0,1,0
serppositionchecker.website,0.0,1,0
serpnaro.shop,0.0,1,0
seolivo.shop,0.0,1,0
seopadachecker.site,0.0,1,0
seonaro.shop,0.0,1,0
seomiro.shop,0.0,1,0
seomexa.shop,0.0,1,0
seoresultchecker.website,0.0,1,0
seoresultchecker.shop,0.0,1,0
seorankingschecker.online,0.0,1,0
seorankingchecker.website,0.0,1,0
seoqira.shop,0.0,1,0
seoqaro.shop,0.0,1,0
seoqano.shop,0.0,1,0
seotera.shop,0.0,1,0
serpqano.shop,0.0,1,0
serpzira.shop,0.0,1,0
siterankcheckerfree.shop,0.0,1,0
sitepositionchecker.online,0.0,1,0
sitedapachecker.shop,0.0,1,0
sitedachecker.website,0.0,1,0
sitedachecker.store,0.0,1,0
sitecheckerfree.space,0.0,1,0
sitecheckerfree.site,0.0,1,0
smartseohub.shop,0.0,1,0
smartranklab.shop,0.0,1,0
smartboosthub.shop,0.0,1,0
sitestatschecker.website,0.0,1,0
sitestatschecker.site,0.0,1,0
siterankingchecker.space,0.0,1,0
steadylinkpro.shop,0.0,1,0
seozaro.shop,0.0,1,0
solidseolink.shop,0.0,1,0
solidranklab.shop,0.0,1,0
solidboosthub.shop,0.0,1,0
smartseolink.shop,0.0,1,0
seoviro.shop,0.0,1,0
seovilo.shop,0.0,1,0
seourlchecker.online,0.0,1,0
seotoolschecker.space,0.0,1,0
seotoolchecker.online,0.0,1,0
seotexa.shop,0.0,1,0
serpcheckeronline.shop,0.0,1,0
serpcheckerfree.space,0.0,1,0
serpchecker.space,0.0,1,0
sepchecker.website,0.0,1,0
seozira.shop,0.0,1,0
steadyboosthub.shop,0.0,1,0
nextseohub.shop,0.0,1,0
nextranklab.shop,0.0,1,0
nextlinkpro.shop,0.0,1,0
nextboosthub.shop,0.0,1,0
linkingdomainchecker.site,0.0,1,0
freebacklinkchecker.store,0.0,1,0
freebacklinkchecker.online,0.0,1,0
fralto.shop,0.0,1,0
linkrixa.shop,0.0,1,0
drcheckertool.website,0.0,1,0
drcheckertool.store,0.0,1,0
drchecker.space,0.0,1,0
drchecker.site,0.0,1,29
domainserpchecker.website,0.0,1,0
easyseohub.shop,0.0,1,0
ranklivo.shop,0.0,1,0
easylinkpro.shop,0.0,1,0
easyboosthub.shop,0.0,1,0
drdachecker.store,0.0,1,0
drdachecker.site,0.0,1,0
drdachecker.online,0.0,1,0
freewebsitechecker.site,0.0,1,0
freesiteseochecker.website,0.0,1,0
freeserpcheckertool.online,0.0,1,0
linkcheckertools.space,0.0,1,0
linkcheckertools.online,0.0,1,0
linkbacklinkchecker.shop,0.0,1,0
lemvi.shop,0.0,1,0
fastboosthub.shop,0.0,1,0
fashionclothingnews.com,0.0,1,0
externallinkschecker.website,0.0,1,0
easyranklab.shop,0.0,1,0
nokvio.shop,0.0,1,0
daseochecker.online,0.0,1,0
darankingchecker.space,0.0,1,0
darankchecker.site,0.0,1,0
darankchecker.shop,0.0,1,0
onlinewebsitechecker.space,0.0,1,0
domaincheckerdapa.space,0.0,1,0
domaincheckerdapa.site,0.0,1,0
domaincheckerda.site,0.0,1,0
domainbacklinkreport.website,0.0,1,0
domainbacklinkreport.shop,0.0,1,0
domainauthoritytool.website,0.0,1,0
openbacklinkchecker.store,0.0,1,0
domainrankchecker.space,0.0,1,0
domainqualitychecker.online,0.0,1,0
nextseolink.shop,0.0,1,0
nimbra.shop,0.0,1,0
massbacklinkchecker.shop,0.0,1,0
mervi.shop,0.0,1,0
mokra.shop,0.0,1,0
multidapachecker.store,0.0,1,0
mylisthero.com,0.0,1,0
newbacklinkchecker.shop,0.0,1,0
domainpadachecker.website,0.0,1,0
linkxaro.shop,0.0,1,0
linkzaro.shop,0.0,1,0
linkzira.shop,0.0,1,0
easyseolink.shop,0.0,1,0
linktera.shop,0.0,1,0
linktexa.shop,0.0,1,0
linkvilo.shop,0.0,1,0
domaindapachecker.online,0.0,1,0
linkviro.shop,0.0,1,0
freerankcheckertool.site,0.0,1,0
freepadachecker.site,0.0,1,0
vividseolink.shop,0.0,1,0
backlinkcheckertool.store,0.0,1,0
backlinkcheckers.site,0.0,1,0
backlinkcheckerfree.store,0.0,1,0
backlinkanalyzer.website,0.0,1,0
backlinkanalyzer.store,0.0,1,0
backlinkanalysis.space,0.0,1,0
backlinklookuptool.website,0.0,1,0
backlinklinkchecker.space,0.0,1,0
backlinkingchecker.website,0.0,1,0
backlinkfreechecker.shop,0.0,1,0
backlinkcheckertools.store,0.0,1,0
backlinkschecker.website,0.0,1,0
externallinkchecker.store,0.0,1,0
vividboosthub.shop,0.0,1,0
backlinkscheckers.space,0.0,1,3
indexqira.shop,0.0,1,0
websitepagechecker.website,0.0,1,0
websitepadachecker.space,0.0,1,0
websitepadachecker.online,0.0,1,0
websitepachecker.space,0.0,1,0
websitepachecker.site,0.0,1,0
websitelinkschecker.website,0.0,1,0
websitedatachecker.store,0.0,1,0
websitedachecker.website,0.0,1,0
websitecheckerfree.online,0.0,1,0
webrankchecker.online,0.0,1,0
webpageseochecker.online,0.0,1,0
webbacklinkschecker.website,0.0,1,0
vividlinkpro.shop,0.0,1,0
expresskitchendesigns.com,0.0,1,0
forvi.shop,0.0,1,0
flenro.shop,0.0,1,0
fastseolink.shop,0.0,1,0
fastranklab.shop,0.0,1,0
fastlinkpro.shop,0.0,1,0
indexvora.shop,0.0,1,0
indexviro.shop,0.0,1,0
indexvilo.shop,0.0,1,0
indexvexa.shop,0.0,1,0
indextexa.shop,0.0,1,0
indextera.shop,0.0,1,0
indexrixa.shop,0.0,1,0
indexrivo.shop,0.0,1,0
freebacklinkcheckers.site,0.0,1,0
freeseoauditchecker.online,0.0,1,0
freeseorankchecker.site,0.0,1,0
freeseoscorechecker.site,0.0,1,0
freeseoscorechecker.store,0.0,1,0
freeseositechecker.online,0.0,1,0
freeseositechecker.website,0.0,1,0
freebacklinkcheckers.space,0.0,1,0
freeblogseochecker.shop,0.0,1,0
freebacklinkcheckers.shop,0.0,1,0
freedacheckertools.website,0.0,1,0
freedrchecker.shop,0.0,1,0
freedrchecker.site,0.0,1,46
freepachecker.shop,0.0,1,0
indexxaro.shop,0.0,1,0
indexzaro.shop,0.0,1,0
indexzira.shop,0.0,1,0
itsyourgold.com,0.0,1,0
freedacheckertool.online,0.0,1,0
dabulkchecker.shop,0.0,1,0
dabacklinkchecker.site,0.0,1,0
dabacklinkchecker.shop,0.0,1,0
dabacklinkchecker.online,0.0,1,0
daandpacheckerfree.shop,0.0,1,0
crispseolink.shop,0.0,1,0
rankingcheckertool.shop,0.0,1,0
rankingcheckeronline.shop,0.0,1,0
ranklora.shop,0.0,1,0
webbacklinkchecker.store,0.0,1,0
rankingstone.shop,0.0,1,0
rankingschecker.shop,0.0,1,0
rankingschecker.online,0.0,1,0
rankingroot.shop,0.0,1,0
rankingriver.shop,0.0,1,0
onlinedachecker.site,0.0,1,0
ranknaro.shop,0.0,1,0
rankmiro.shop,0.0,1,0
rankmexa.shop,0.0,1,0
rankrixa.shop,0.0,1,0
rankrivo.shop,0.0,1,0
rankqira.shop,0.0,1,0
rankqaro.shop,0.0,1,0
rankqano.shop,0.0,1,0
primeseohub.shop,0.0,1,0
primeranklab.shop,0.0,1,0
dapio.shop,0.0,1,0
daparankchecker.shop,0.0,1,0
dapaprochecker.website,0.0,1,0
quickseochecker.site,0.0,1,0
quickranklab.shop,0.0,1,0
ranknexa.shop,0.0,1,0
rankvora.shop,0.0,1,0
rankviro.shop,0.0,1,0
searchloom.shop,0.0,1,0
rapidseolink.shop,0.0,1,0
rapidseohub.shop,0.0,1,0
rapidranklab.shop,0.0,1,0
searchrankingchecker.shop,0.0,1,0
searchmint.shop,0.0,1,0
seobacklinkschecker.website,0.0,1,0
seobacklinkchecker.website,0.0,1,0
seoauditcheckertool.shop,0.0,1,0
seoauditchecker.website,0.0,1,0
seoanalysischecker.website,0.0,1,0
seoanalysischecker.site,0.0,1,0
ranktexa.shop,0.0,1,0
dabulkchecker.site,0.0,1,0
dacheckerbulkfree.site,0.0,1,108
crawlxaro.shop,0.0,1,0
crawlzaro.shop,0.0,1,0
crinto.shop,0.0,1,0
cripio.shop,0.0,1,0
crispboosthub.shop,0.0,1,0
crisplinkpro.shop,0.0,1,0
ranktera.shop,0.0,1,0
crispseohub.shop,0.0,1,0
rankvilo.shop,0.0,1,0
crawllivo.shop,0.0,1,0
crawllora.shop,0.0,1,0
crawltexa.shop,0.0,1,0
crawlvexa.shop,0.0,1,0
crawlviro.shop,0.0,1,0
crawlvora.shop,0.0,1,0
crispranklab.shop,0.0,1,0
dapacheckersoftware.shop,0.0,1,0
dapacheckersite.online,0.0,1,0
dapacheckerseo.website,0.0,1,0
dapacheckers.site,0.0,1,0
dapacheckeronline.website,0.0,1,0
orvelo.shop,0.0,1,0
organicreach.shop,0.0,1,0
organicrankchecker.site,0.0,1,0
organicledgerpro.shop,0.0,1,0
pacheckerfree.online,0.0,1,0
pachecker.online,0.0,1,0
paanddacheckertool.store,0.0,1,0
paanddachecker.website,0.0,1,0
outreachlane.shop,0.0,1,0
outgoinglinkchecker.store,0.0,1,0
quicklinkpro.shop,0.0,1,0
onlinedachecker.space,0.0,1,0
onlinerankchecker.site,0.0,1,0
onlineseochecker.shop,0.0,1,0
onlineserpchecker.site,0.0,1,0
padacheckertool.online,0.0,1,0
pagerankingchecker.store,0.0,1,0
pamto.shop,0.0,1,0
outgoinglinkchecker.site,0.0,1,0
pacheckeronline.store,0.0,1,0
pacheckertool.space,0.0,1,0
pacheckertool.website,0.0,1,0
padachecker.online,0.0,1,0
padachecker.store,0.0,1,0
padacheckerfree.space,0.0,1,0
padacheckeronline.store,0.0,1,0
outgoinglinkchecker.shop,0.0,1,0
pacheckeronline.online,0.0,1,0
quickboosthub.shop,0.0,1,0
pureseohub.shop,0.0,1,0
pureranklab.shop,0.0,1,0
primeseolink.shop,0.0,1,0
rankcheckertools.space,0.0,1,0
rankcheckerseo.site,0.0,1,0
quickseohub.shop,0.0,1,0
rankcheckerwebsite.website,0.0,1,0
dacheckertool.site,0.0,1,0
dacheckerseo.store,0.0,1,0
dacheckeronlinefree.online,0.0,1,0
dacheckerofwebsite.shop,0.0,1,0
plenko.shop,0.0,1,0
plavo.shop,0.0,1,0
dadrcheckerfree.online,0.0,1,0
dapacheckertool.space,0.0,1,1
dapacheckertool.store,0.0,1,0
dapafreechecker.store,0.0,1,0
dadrcheckerfree.shop,0.0,1,0
dadrcheckertool.store,0.0,1,0
daorpachecker.online,0.0,1,0
dapabacklinkchecker.online,0.0,1,0
dapachecker.space,0.0,1,0
dadpchecker.site,0.0,1,0
dapacheckerguest.shop,0.0,1,0
dapacheckeronline.space,0.0,1,0
dacheckertool.space,0.0,1,0
dacheckertoolonline.store,0.0,1,0
dacheckerwebsite.shop,0.0,1,0
dacheckerwebsite.site,0.0,1,0
dadomainchecker.store,0.0,1,0
dadomainchecker.website,0.0,1,0
dapacheckerfree.site,0.0,1,0
