Keyword,volume,semrush_pos,kd,ahrefs_pos,mentions
mangos online,4400.0,14.0,22.0,3.0,0
alphonso mango 1 kg price,3600.0,21.0,10.0,21.0,0
devgad hapoos,1900.0,37.0,10.0,,0
mango online india,1900.0,6.0,51.0,3.0,0
ratnagiri hapus mango,1900.0,7.0,21.0,1.0,0
online mango shopping,1300.0,9.0,43.0,8.0,0
ratnagiri hapus,1300.0,8.0,40.0,,0
mango fruit buy online,1300.0,4.0,25.0,,0
monsoon mangoes,1300.0,60.0,38.0,,0
hansom,1000.0,90.0,37.0,,0
brazil nuts online,900.0,,,,0
mango online order,880.0,11.0,26.0,,0
alphonso mango price per kg,880.0,14.0,9.0,19.0,0
alphonso mangoes near me,880.0,1.0,17.0,4.0,0
ratnagirialphonso,880.0,4.0,24.0,,0
hapus amba,720.0,1.0,23.0,2.0,0
india alphonso mango,720.0,1.0,26.0,,0
alphonso mango online purchase,720.0,2.0,30.0,,0
alphanso mango,700.0,,,4.0,0
alphonso mango tree,700.0,,,,0
ratnagiri aam,590.0,1.0,17.0,2.0,0
order alphonso mango,590.0,1.0,33.0,,0
alphonso mango price per kg 2022,590.0,15.0,9.0,,0
alphonso mango in marathi,590.0,87.0,17.0,,0
mango order,590.0,22.0,22.0,,0
alphonso mango images,590.0,28.0,28.0,,0
mango peti,480.0,4.0,22.0,5.0,0
alphonso mango rate,480.0,7.0,12.0,,0
ratnagiri alphonso mango price,480.0,6.0,4.0,,0
mango offers,480.0,7.0,39.0,10.0,0
devgad hapus mango price,480.0,53.0,12.0,,0
hapus mango price in india,480.0,24.0,9.0,,0
ratnagiri hapus mango price,480.0,34.0,14.0,,0
mango seller,480.0,12.0,50.0,,0
alfonso mango,450.0,,,2.0,0
mango online shopping,450.0,,,11.0,0
dev mango,390.0,77.0,28.0,,0
amar mango,390.0,65.0,32.0,,0
mango delivery,390.0,11.0,11.0,,0
sakkath mango,390.0,62.0,30.0,,0
alphonso mango origin,390.0,59.0,26.0,,0
alphonso mango in kannada,390.0,91.0,20.0,,0
mango alphonso,350.0,,,,0
alphonso mango bangalore,320.0,1.0,13.0,,0
online mango delivery,320.0,16.0,23.0,,0
alphonso mango juice,320.0,31.0,23.0,,0
alphonso mango in mumbai,320.0,1.0,17.0,3.0,0
alphonso mango in tamil,320.0,53.0,23.0,,0
hapoos aam,320.0,2.0,46.0,1.0,0
hapus mango in mumbai,320.0,2.0,23.0,,0
maharashtra mango,320.0,4.0,30.0,8.0,0
alphonso mango in gujarati,320.0,1.0,22.0,1.0,0
best place to buy mangoes online,320.0,17.0,14.0,,0
hosamani,320.0,50.0,37.0,,0
raw alphonso mango,260.0,9.0,23.0,,0
mango online sale,260.0,10.0,46.0,,0
alphonso mango price in mumbai,260.0,1.0,12.0,,0
alphonso mango varieties,260.0,2.0,20.0,5.0,0
alphonso in telugu,260.0,94.0,30.0,,0
mango peti price,260.0,6.0,19.0,10.0,0
ratnagiri mango farm,260.0,15.0,13.0,9.0,0
hapus mango price in mumbai,260.0,1.0,14.0,,0
cost of alphonso mangoes in mumbai,260.0,2.0,21.0,,0
alphonso variety of mango,260.0,67.0,18.0,,0
alphonso mango price in india,260.0,14.0,10.0,1.0,0
alphonso mango mumbai price,260.0,1.0,13.0,,0
alphonso mango in bengali,260.0,66.0,28.0,,0
alphonso mangoes cost,260.0,2.0,23.0,,0
alphonso mango tree leaves,260.0,63.0,11.0,,0
buy mangoes online,250.0,,,,0
what is alphonso mango,210.0,2.0,13.0,4.0,0
real alphonso mango,210.0,1.0,29.0,7.0,0
hapus mango rate in mumbai,210.0,1.0,12.0,,0
alphonso fruit,210.0,2.0,24.0,1.0,0
mango dealer,210.0,23.0,22.0,,0
mango rate in pune,210.0,63.0,17.0,,0
mango mumbai,210.0,4.0,41.0,7.0,0
mango online shopping india,210.0,3.0,39.0,4.0,0
hapus mango rate,210.0,21.0,10.0,,0
ratnagiri hapus mango online,210.0,2.0,30.0,,0
alphonso price,210.0,3.0,8.0,,0
fresh alphonso mango,210.0,2.0,23.0,,0
alphonso mango seeds,210.0,17.0,4.0,,0
alphonso mango nutrition,210.0,96.0,14.0,,0
alphonso mango in telugu name,210.0,83.0,29.0,,0
alphonso mango price mumbai,210.0,3.0,12.0,,0
hapus hupus,210.0,71.0,29.0,,0
farm2you,210.0,43.0,37.0,,0
alphonso mango 1 kg price in india,200.0,,,7.0,0
mangoes online india,200.0,,,,0
ratnagiri mango price per kg today,170.0,4.0,7.0,,0
mangoes in delhi,170.0,13.0,12.0,,0
best alphonso mangoes,170.0,2.0,27.0,,0
devgad alphonso mango price,170.0,27.0,10.0,,0
alphonso hapus,170.0,1.0,19.0,,0
2 mangoes,170.0,48.0,27.0,,0
original alphonso mango,170.0,3.0,51.0,1.0,0
alphonso mango tree for sale,170.0,23.0,6.0,,0
alphonso mango in delhi,170.0,1.0,16.0,2.0,0
mango hapus,150.0,,,2.0,0
order alphonso mangoes online,150.0,,,,0
alfanso aam,150.0,,,1.0,0
price of alphonso mango,150.0,,,,0
alpha mango,140.0,6.0,13.0,,0
mango sale online shopping,140.0,8.0,35.0,,0
original mango,140.0,4.0,56.0,,0
order organic mangoes online,140.0,35.0,16.0,,0
online mango sale,140.0,8.0,46.0,8.0,0
alphonso mango season in india,140.0,4.0,8.0,,0
alphonso mango rate per kg,140.0,15.0,7.0,,0
alphonso mango rate in mumbai,140.0,1.0,12.0,,0
hapus aamras,140.0,85.0,9.0,,0
where is alphonso mango grown,140.0,67.0,21.0,,0
where does alphonso mango grow,140.0,79.0,16.0,,0
alphonso mango which state,140.0,92.0,26.0,,0
hamson,140.0,37.0,39.0,,0
konkan mango,140.0,3.0,9.0,1.0,0
mango sale online,140.0,8.0,47.0,,0
hapus mango peti,140.0,3.0,23.0,4.0,0
hapus mango rate in pune,140.0,9.0,21.0,,0
fresh mangoes online,140.0,15.0,19.0,,0
best alphonso mangoes in india,140.0,7.0,24.0,,0
alphonso hapus mango,110.0,1.0,29.0,,0
alphonso chocolate,110.0,30.0,18.0,,0
alphonso mango photography,110.0,86.0,27.0,,0
alphonso mango hyderabad,110.0,1.0,9.0,1.0,0
alphonso mango price per kg in india,110.0,9.0,7.0,,0
alphonso mango photo,110.0,27.0,27.0,,0
organic alphonso mango,110.0,26.0,10.0,,0
hapoos mango,110.0,1.0,28.0,1.0,0
cost of alphonso mango,110.0,7.0,14.0,,0
devgad hapus amba,110.0,33.0,16.0,,0
best alphonso mangoes in pune,110.0,10.0,18.0,,0
alphonso price in india,110.0,3.0,9.0,1.0,0
alphonso pharmacia,110.0,24.0,25.0,,0
alphonso mango size,110.0,76.0,9.0,,0
surve bandhu ambewale,110.0,62.0,35.0,,0
alphonso mango price in kolkata,110.0,43.0,13.0,,0
karsirimangoes,110.0,80.0,34.0,,0
mango delhi,110.0,7.0,19.0,,0
hapus mango price in delhi,110.0,1.0,20.0,,0
alphonso mango buy online,100.0,,,1.0,0
alphonso mangos,100.0,,,11.0,0
mango price in india,100.0,,,,0
