Keyword,pos,vol,url,our_any
cape gooseberry,9,14800,https://aamrai.com/golden-cape-gooseberry-the-versatile-superfood-from-madhya-pradesh/,
chausa aam,2,8100,https://aamrai.com/product/chausa-mango/,
amrai,3,4400,https://aamrai.com/,
chaunsa mango,9,4400,https://aamrai.com/product/chausa-mango/,
mahabaleshwar strawberry,3,3600,https://aamrai.com/product/organic-mahabaleshwar-strawberries/,41.0
cape gooseberry benefits,4,2400,https://aamrai.com/golden-cape-gooseberry-the-versatile-superfood-from-madhya-pradesh/,
organic mango,2,1900,https://aamrai.com/buy-mangoes/,41.0
malihabad mango,2,1300,https://aamrai.com/product/malihabadi-dusheri-mangoes/,
yellow gooseberry,8,1000,https://aamrai.com/golden-cape-gooseberry-the-versatile-superfood-from-madhya-pradesh/,
bambaiya aam,2,590,https://aamrai.com/product/aamrai-premium-bambaiya-mangoes/,
buy mango,9,590,https://aamrai.com/buy-mango-online/,39.0
chander waterfall,1,590,https://aamrai.com/chander-waterfall-malvan-sindhdurg/,
malihabadi aam,1,590,https://aamrai.com/product/malihabadi-dusheri-mangoes/,
