keyword,ub_vol,ub_pos,ub_kd,ub_cpc,sem_pos,sem_vol,ah_pos,count_before,count_after
alphonso mango india,390,3,37,0.83,1.0,720.0,1.0,0,0
alphonso mangoes india,390,3,39,0.83,,,,0,0
alphonso mango,18100,13,25,0.58,2.0,49500.0,3.0,5,19
hapus mango,320,5,30,0.18,1.0,14800.0,2.0,0,0
alphonso mango prices in india,50,2,24,0.04,,,,0,0
ratnagiri mango,140,6,26,0.68,2.0,5400.0,5.0,0,0
hapus mango ratnagiri,30,3,24,0.0,,,1.0,0,0
indian alphonso mango,390,12,30,0.83,,,1.0,0,0
buy mangoes online in india,40,2,32,1.59,,,,0,1
buy mango online in india,40,2,30,1.59,,,,0,0
ratnagiri mangoes,140,8,18,0.68,,,7.0,0,0
alphonso india,30,5,30,0.84,,,,0,0
ratnagiri alphonso,30,15,31,0.0,3.0,880.0,4.0,2,9
mango alphonso ratnagiri,140,12,17,0.0,,,3.0,0,0
mango fruit online india,50,2,20,4.02,,,,0,0
alphonso mango price,210,17,26,0.22,,,7.0,0,4
ratnagiri alphonso mango,140,25,14,0.11,2.0,2400.0,,1,2
mangoes online india,50,5,26,4.02,,,,0,0
alphonso mangoes for sale,70,25,13,0.63,,,,0,0
alphonso mango online purchase,50,14,14,2.36,2.0,720.0,,0,0
alphonso mango for sale,70,26,12,0.63,,,,0,0
what is alphonso mango,140,61,33,0.04,2.0,210.0,4.0,0,0
where is alphonso mango from,20,76,41,0.0,,,,0,1
buy alphonso mango,140,34,12,1.25,1.0,590.0,3.0,1,2
mango alphonso price,210,33,12,0.22,,,,0,0
what is an alphonso mango,30,95,28,0.12,,,,0,1
alphonso devgad,50,81,14,0.0,,,,0,2
mangoes bangalore,50,35,24,0.0,,,,0,0
indian alphonso,30,35,22,0.84,,,,0,0
