tier,keyword,volume,kd,intent,current_position,current_url,status,target_page,action,score
1 Alphonso family,alphonso mango price,8100,15,Transactional,1,/products/devgad-alphonso-mango,top 3,/products/alphonso-mango-order-online + /collections/mangoes,defend: keep price block fresh (live tokens),95.6
1 Alphonso family,alphonso mango 1kg price,2900,10,Transactional,4,/pages/alphonso-mango,page 1 (4-10),/products/alphonso-mango-order-online + /collections/mangoes,push to top 3: title/H1 + price table + FAQ,75.7
1 Alphonso family,alphonso mango 1 kg price,2400,9,Transactional,1,/blogs/faq/how-many-mangoes-in-1-kg,top 3,/products/alphonso-mango-order-online + /collections/mangoes,defend: keep price block fresh (live tokens),55.7
1 Alphonso family,alphonso mango price per kg,880,9,Transactional,8,/pages/alphonso-mango,page 1 (4-10),/products/alphonso-mango-order-online + /collections/mangoes,push to top 3: title/H1 + price table + FAQ,42.2
1 Alphonso family,alphonso mango price per kg 2022,590,10,Transactional,4,/pages/alphonso-mango,page 1 (4-10),/products/alphonso-mango-order-online + /collections/mangoes,push to top 3: title/H1 + price table + FAQ,34.2
1 Alphonso family,alphonso mango online,1300,25,Commercial,1,/collections/mangoes,top 3,/products/alphonso-mango-order-online + /collections/mangoes,defend: keep price block fresh (live tokens),33.8
1 Alphonso family,order alphonso mango,590,24,Informational,7,/collections/mangoes,page 1 (4-10),/products/alphonso-mango-order-online + /collections/mangoes,push to top 3: title/H1 + price table + FAQ,28.8
1 Alphonso family,order alphonso mangoes online,720,18,Commercial,,,not ranking,/products/alphonso-mango-order-online + /collections/mangoes,create/optimise target page,27.5
1 Alphonso family,alphonso mangoes near me,880,26,Transactional,1,/,top 3,/products/alphonso-mango-order-online + /collections/mangoes,defend: keep price block fresh (live tokens),27.4
1 Alphonso family,ratnagiri mango price,590,10,Transactional,88,/blogs/hapus/ratnagiri-hapus-aam-price,weak (21+),/products/ratnagiri-alphonso-mango,"rework target page: title, H1, price table, internal links",27.3
1 Alphonso family,alphonso mango online purchase,720,20,Transactional,1,/collections/mangoes,top 3,/products/alphonso-mango-order-online + /collections/mangoes,defend: keep price block fresh (live tokens),26.8
1 Alphonso family,ratnagiri alphonso mango price,480,4,Transactional,1,/blogs/ratnagiri-hapus/alphonso-mangoes-cost-online-vs-local-market,top 3,/products/ratnagiri-alphonso-mango,defend: keep price block fresh (live tokens),26.3
1 Alphonso family,alphonso mango rate,480,5,Commercial,1,/collections/frontpage?constraint=reliance-fresh-mango,top 3,/products/alphonso-mango-order-online + /collections/mangoes,defend: keep price block fresh (live tokens),26.0
1 Alphonso family,alphonso mango price per kg 2021,480,6,Transactional,2,/products/alphonso-mango-order-online,top 3,/products/alphonso-mango-order-online + /collections/mangoes,defend: keep price block fresh (live tokens),25.7
1 Alphonso family,cost of alphonso mangoes in india,480,8,Informational,1,/products/devgad-alphonso-mango?variant=46084338909441&country=IN&currency=INR&utm_medium=product_sync&utm_source=google&utm_content=sag_organic&utm_campaign=sag_organic,top 3,/products/alphonso-mango-order-online + /collections/mangoes,defend: keep price block fresh (live tokens),25.2
1 Alphonso family,buy alphonso mango online,720,26,Transactional,1,/,top 3,/products/alphonso-mango-order-online + /collections/mangoes,defend: keep price block fresh (live tokens),24.8
1 Alphonso family,buy alphonso mango,590,23,Transactional,2,/collections/mangoes,top 3,/products/alphonso-mango-order-online + /collections/mangoes,defend: keep price block fresh (live tokens),23.4
1 Alphonso family,alphonso mango price in india,320,12,Transactional,1,/products/devgad-alphonso-mango?variant=46084338909441&country=IN&currency=INR&utm_medium=product_sync&utm_source=google&utm_content=sag_organic&utm_campaign=sag_organic,top 3,/products/alphonso-mango-order-online + /collections/mangoes,defend: keep price block fresh (live tokens),19.7
1 Alphonso family,alphonso price,260,5,Transactional,,,not ranking,/products/alphonso-mango-order-online + /collections/mangoes,create/optimise target page,19.1
1 Alphonso family,devgad alphonso mango price 2021,320,17,Transactional,1,/blogs/ratnagiri-hapus/alphonso-mangoes-cost-online-vs-local-market,top 3,/products/devgad-alphonso-mango,defend: keep price block fresh (live tokens),18.6
1 Alphonso family,devgad alphonso mango price,170,10,Transactional,8,/blogs/ratnagiri-hapus/alphonso-mangoes-cost-online-vs-local-market,page 1 (4-10),/products/devgad-alphonso-mango,push to top 3: title/H1 + price table + FAQ,18.3
1 Alphonso family,alphonso mangoes cost,260,10,Commercial,1,/products/devgad-alphonso-mango,top 3,/products/alphonso-mango-order-online + /collections/mangoes,defend: keep price block fresh (live tokens),18.1
1 Alphonso family,alphonso mango price in mumbai,260,10,Transactional,1,/blogs/price/cost-of-alphonso-mangoes-in-mumbai,top 3,city page /blogs/mango-location/...,defend: keep price block fresh (live tokens),18.1
1 Alphonso family,alphonso mango mumbai price,260,11,Transactional,1,/blogs/price/cost-of-alphonso-mangoes-in-mumbai,top 3,city page /blogs/mango-location/...,defend: keep price block fresh (live tokens),17.9
1 Alphonso family,ratnagiri mango price per kg today,210,9,Transactional,94,/blogs/hapus/ratnagiri-hapus-aam-price,weak (21+),/products/ratnagiri-alphonso-mango,"rework target page: title, H1, price table, internal links",16.5
1 Alphonso family,alphonso mango price mumbai,210,10,Transactional,,,not ranking,city page /blogs/mango-location/...,create/optimise target page,16.3
1 Alphonso family,cost of alphonso mangoes in mumbai,260,19,Informational,1,/blogs/price/cost-of-alphonso-mangoes-in-mumbai,top 3,city page /blogs/mango-location/...,defend: keep price block fresh (live tokens),16.3
1 Alphonso family,devgad mango price,170,13,Commercial,1,/products/devgad-alphonso-mango,top 3,/products/devgad-alphonso-mango,defend: keep price block fresh (live tokens),14.2
1 Alphonso family,alphonso mango rate per kg,140,7,Commercial,1,/collections/frontpage?constraint=reliance-fresh-mango,top 3,/products/alphonso-mango-order-online + /collections/mangoes,defend: keep price block fresh (live tokens),13.8
1 Alphonso family,alphonso aam price,110,10,Commercial,,,not ranking,/products/alphonso-mango-order-online + /collections/mangoes,create/optimise target page,11.8
1 Alphonso family,organic alphonso mango,110,16,"Informational, Commercial",,,not ranking,/products/alphonso-mango-order-online + /collections/mangoes,create/optimise target page,11.0
1 Alphonso family,alphonso mango price in kolkata,110,18,Transactional,,,not ranking,city page /blogs/mango-location/...,create/optimise target page,10.8
1 Alphonso family,alphonso online,110,26,Commercial,,,not ranking,/products/alphonso-mango-order-online + /collections/mangoes,create/optimise target page,9.7
1 Alphonso family,original alphonso mango,140,,Commercial,,,not ranking,/products/alphonso-mango-order-online + /collections/mangoes,create/optimise target page,8.9
1 Alphonso family,alphonso mango rate in mumbai,140,,,,,not ranking,city page /blogs/mango-location/...,create/optimise target page,8.9
1 Alphonso family,best alphonso mangoes in india,140,45,Commercial,88,/blogs/faq/which-mango-is-best,weak (21+),/products/alphonso-mango-order-online + /collections/mangoes,"rework target page: title, H1, price table, internal links",8.1
1 Alphonso family,best alphonso mangoes,110,,Commercial,,,not ranking,/products/alphonso-mango-order-online + /collections/mangoes,create/optimise target page,7.9
1 Alphonso family,best alphonso mangoes in pune,110,,,,,not ranking,city page /blogs/mango-location/...,create/optimise target page,7.9
1 Alphonso family,ratnagiri alphonso mango online,110,,Commercial,,,not ranking,/products/ratnagiri-alphonso-mango,create/optimise target page,7.9
1 Alphonso family,alphonso mango price per kg in india,110,,,,,not ranking,/products/alphonso-mango-order-online + /collections/mangoes,create/optimise target page,7.9
1 Alphonso family,alphonso price in india,110,,,,,not ranking,/products/alphonso-mango-order-online + /collections/mangoes,create/optimise target page,7.9
1 Alphonso family,cost of alphonso mango,110,,,70,/blogs/price/cost-of-alphonso-mangoes-in-mumbai,weak (21+),/products/alphonso-mango-order-online + /collections/mangoes,"rework target page: title, H1, price table, internal links",7.9
1 Alphonso family,alphonso price per kg,110,,,,,not ranking,/products/alphonso-mango-order-online + /collections/mangoes,create/optimise target page,7.9
1 Alphonso family,original devgad mango,110,,,,,not ranking,/products/devgad-alphonso-mango,create/optimise target page,7.9
1 Alphonso family,alphonso mango online delivery,90,,,,,not ranking,/products/alphonso-mango-order-online + /collections/mangoes,create/optimise target page,7.1
1 Alphonso family,alphonso mango price in delhi,90,,,,,not ranking,city page /blogs/mango-location/...,create/optimise target page,7.1
1 Alphonso family,online alphonso mango,90,,,,,not ranking,/products/alphonso-mango-order-online + /collections/mangoes,create/optimise target page,7.1
1 Alphonso family,ratnagiri mango online,90,,,,,not ranking,/products/ratnagiri-alphonso-mango,create/optimise target page,7.1
1 Alphonso family,alphonso mango box,70,,,,,not ranking,/products/alphonso-mango-order-online + /collections/mangoes,create/optimise target page,6.3
1 Alphonso family,buy alphonso online,70,,,,,not ranking,/products/alphonso-mango-order-online + /collections/mangoes,create/optimise target page,6.3
1 Alphonso family,price of alphonso mango in delhi,70,,,,,not ranking,city page /blogs/mango-location/...,create/optimise target page,6.3
1 Alphonso family,devgad mango online,70,,,,,not ranking,/products/devgad-alphonso-mango,create/optimise target page,6.3
1 Alphonso family,alphonso mango box price,50,,,,,not ranking,/products/alphonso-mango-order-online + /collections/mangoes,create/optimise target page,5.3
1 Alphonso family,alphonso mango delivery,50,,,,,not ranking,/products/alphonso-mango-order-online + /collections/mangoes,create/optimise target page,5.3
1 Alphonso family,alphonso mango home delivery,50,,,,,not ranking,/products/alphonso-mango-order-online + /collections/mangoes,create/optimise target page,5.3
1 Alphonso family,alphonso mango price in ahmedabad,50,,,,,not ranking,city page /blogs/mango-location/...,create/optimise target page,5.3
1 Alphonso family,alphonso mango price in pune,50,,,,,not ranking,city page /blogs/mango-location/...,create/optimise target page,5.3
1 Alphonso family,alphonso mango price today,50,,,,,not ranking,/products/alphonso-mango-order-online + /collections/mangoes,create/optimise target page,5.3
1 Alphonso family,alphonso mango rate in pune,50,,,,,not ranking,city page /blogs/mango-location/...,create/optimise target page,5.3
1 Alphonso family,alphonso mango wholesale price,50,,,,,not ranking,/pages/mango-export,create/optimise target page,5.3
1 Alphonso family,devgad alphonso mango online,50,,,,,not ranking,/products/devgad-alphonso-mango,create/optimise target page,5.3
1 Alphonso family,alphonso mango pulp 1 kg price,50,,,,,not ranking,/products/alphonso-mango-pulp,create/optimise target page,5.3
1 Alphonso family,alphonso mango online mumbai,40,,,,,not ranking,city page /blogs/mango-location/...,create/optimise target page,4.7
1 Alphonso family,best alphonso mangoes in mumbai,40,,,,,not ranking,city page /blogs/mango-location/...,create/optimise target page,4.7
1 Alphonso family,online alphonso mango mumbai,40,,,,,not ranking,city page /blogs/mango-location/...,create/optimise target page,4.7
1 Alphonso family,ratnagiri mango rate,40,,,,,not ranking,/products/ratnagiri-alphonso-mango,create/optimise target page,4.7
1 Alphonso family,alphonso mango price in nagpur,30,,,,,not ranking,city page /blogs/mango-location/...,create/optimise target page,4.1
1 Alphonso family,ratnagiri alphonso price,30,,,,,not ranking,/products/ratnagiri-alphonso-mango,create/optimise target page,4.1
1 Alphonso family,which alphonso is best ratnagiri and devgad,30,,,,,not ranking,/products/devgad-alphonso-mango,create/optimise target page,4.1
1 Alphonso family,alphonso mango delivery india,30,,,,,not ranking,/products/alphonso-mango-order-online + /collections/mangoes,create/optimise target page,4.1
1 Alphonso family,alphonso mango online delhi,30,,,,,not ranking,city page /blogs/mango-location/...,create/optimise target page,4.1
1 Alphonso family,alphonso mango online india,30,,,,,not ranking,/products/alphonso-mango-order-online + /collections/mangoes,create/optimise target page,4.1
1 Alphonso family,alphonso mango online shopping,30,,,,,not ranking,/products/alphonso-mango-order-online + /collections/mangoes,create/optimise target page,4.1
1 Alphonso family,alphonso mango price in tamilnadu,30,,,,,not ranking,/products/alphonso-mango-order-online + /collections/mangoes,create/optimise target page,4.1
1 Alphonso family,alphonso price in mumbai,30,,,,,not ranking,city page /blogs/mango-location/...,create/optimise target page,4.1
1 Alphonso family,organic alphonso mango online,30,,,,,not ranking,/products/alphonso-mango-order-online + /collections/mangoes,create/optimise target page,4.1
1 Alphonso family,buy devgad mangoes online,30,,,,,not ranking,/products/devgad-alphonso-mango,create/optimise target page,4.1
1 Alphonso family,devgad mango wholesale,30,,,,,not ranking,/products/devgad-alphonso-mango,create/optimise target page,4.1
1 Alphonso family,alphonso mango pulp near me,30,,,,,not ranking,/products/alphonso-mango-pulp,create/optimise target page,4.1
2 Other varieties we sell,kesar mango price,1900,12,Transactional,1,/products/kesar-mango,top 3,/products/kesar-mango,defend: keep price block fresh (live tokens),42.2
2 Other varieties we sell,kesar mango 1 kg price,720,11,Transactional,9,/products/kesar-mango,page 1 (4-10),/products/kesar-mango,push to top 3: title/H1 + price table + FAQ,32.8
2 Other varieties we sell,kesar mango online,590,5,Commercial,4,/collections/mangoes,page 1 (4-10),/products/kesar-mango,push to top 3: title/H1 + price table + FAQ,31.7
2 Other varieties we sell,dasheri mango price,1000,21,Transactional,,,not ranking,/products/dasheri-mango-online,create/optimise target page,27.5
2 Other varieties we sell,kesar mango price per kg,480,20,Transactional,7,/products/kesar-mango,page 1 (4-10),/products/kesar-mango,push to top 3: title/H1 + price table + FAQ,24.1
2 Other varieties we sell,kesar aam price,480,20,Commercial,4,/products/kesar-mango,page 1 (4-10),/products/kesar-mango,push to top 3: title/H1 + price table + FAQ,24.1
2 Other varieties we sell,malgova mango price,390,6,Commercial,,,not ranking,/products/malgova-mango,create/optimise target page,20.4
2 Other varieties we sell,totapuri mango price,390,19,Transactional,,,not ranking,/products/totapuri-mango,create/optimise target page,17.6
2 Other varieties we sell,kesar keri price,390,19,Transactional,1,/products/kesar-mango,top 3,/products/kesar-mango,defend: keep price block fresh (live tokens),17.6
2 Other varieties we sell,totapuri mango online,320,11,Commercial,,,not ranking,/products/totapuri-mango,create/optimise target page,17.5
2 Other varieties we sell,dasheri mango online,260,5,Commercial,,,not ranking,/products/dasheri-mango-online,create/optimise target page,16.9
2 Other varieties we sell,kesar mango near me,390,26,Transactional,,,not ranking,/products/kesar-mango,create/optimise target page,16.1
2 Other varieties we sell,salem mangoes online,260,10,Commercial,,,not ranking,/collections/mangoes,create/optimise target page,16.0
2 Other varieties we sell,order kesar mango online,210,2,"Informational, Commercial",,,not ranking,/products/kesar-mango,create/optimise target page,15.6
2 Other varieties we sell,buy kesar mango online,210,8,Transactional,3,/collections/mangoes,top 3,/products/kesar-mango,defend: keep price block fresh (live tokens),14.7
2 Other varieties we sell,kesar mango rate,110,8,Commercial,7,/products/kesar-mango,page 1 (4-10),/products/kesar-mango,push to top 3: title/H1 + price table + FAQ,13.3
2 Other varieties we sell,kesar mango price 1 kg,210,18,Transactional,,,not ranking,/products/kesar-mango,create/optimise target page,13.1
2 Other varieties we sell,totapuri mango price per kg,170,16,Transactional,,,not ranking,/products/totapuri-mango,create/optimise target page,12.0
2 Other varieties we sell,salem mango online,210,27,Commercial,,,not ranking,/collections/mangoes,create/optimise target page,11.6
2 Other varieties we sell,dasheri mango price per kg,140,16,Transactional,,,not ranking,/products/dasheri-mango-online,create/optimise target page,10.9
2 Other varieties we sell,dasheri aam price,210,,,,,not ranking,/products/dasheri-mango-online,create/optimise target page,9.6
2 Other varieties we sell,kesar mango price in surat,170,,,,,not ranking,/products/kesar-mango,create/optimise target page,8.6
2 Other varieties we sell,kesar mango price in ahmedabad,90,,,,,not ranking,/products/kesar-mango,create/optimise target page,6.3
2 Other varieties we sell,organic kesar mango,90,,,,,not ranking,/products/kesar-mango,create/optimise target page,6.3
2 Other varieties we sell,kesar mango price 1kg,70,,,,,not ranking,/products/kesar-mango,create/optimise target page,5.5
2 Other varieties we sell,kesar mango price in pune,70,,,,,not ranking,/products/kesar-mango,create/optimise target page,5.5
2 Other varieties we sell,mango kesar price,70,,,,,not ranking,/products/kesar-mango,create/optimise target page,5.5
2 Other varieties we sell,price of kesar mango in india,70,,,,,not ranking,/products/kesar-mango,create/optimise target page,5.5
2 Other varieties we sell,dasheri mango buy online,70,,,,,not ranking,/products/dasheri-mango-online,create/optimise target page,5.5
2 Other varieties we sell,dasheri mango price in delhi,70,,,,,not ranking,/products/dasheri-mango-online,create/optimise target page,5.5
2 Other varieties we sell,payari mango price,70,,,,,not ranking,/products/pairi-mango,create/optimise target page,5.5
2 Other varieties we sell,malgova mango online,70,,,,,not ranking,/products/malgova-mango,create/optimise target page,5.5
2 Other varieties we sell,kesar mango price in delhi,50,,,,,not ranking,/products/kesar-mango,create/optimise target page,4.7
2 Other varieties we sell,organic kesar mango price,50,,,,,not ranking,/products/kesar-mango,create/optimise target page,4.7
2 Other varieties we sell,dasheri aam online,50,,,,,not ranking,/products/dasheri-mango-online,create/optimise target page,4.7
2 Other varieties we sell,pairi mango online,50,,,,,not ranking,/products/pairi-mango,create/optimise target page,4.7
2 Other varieties we sell,gir kesar mango online,50,,,,,not ranking,/products/kesar-mango,create/optimise target page,4.7
2 Other varieties we sell,kesar mango rates in pune,30,,,,,not ranking,/products/kesar-mango,create/optimise target page,3.6
2 Other varieties we sell,organic kesar mango in ahmedabad,30,,,,,not ranking,/products/kesar-mango,create/optimise target page,3.6
2 Other varieties we sell,malgova mango price in chennai,30,,,,,not ranking,/products/malgova-mango,create/optimise target page,3.6
2 Other varieties we sell,totapuri aam price,30,,,,,not ranking,/products/totapuri-mango,create/optimise target page,3.6
2 Other varieties we sell,totapuri mango pulp price,30,,,,,not ranking,/products/alphonso-mango-pulp,create/optimise target page,3.6
2 Other varieties we sell,mango price in salem,30,,,,,not ranking,/collections/mangoes,create/optimise target page,3.6
2 Other varieties we sell,salem mango online shopping,30,,,,,not ranking,/collections/mangoes,create/optimise target page,3.6
3 Generic mango buying,mango near me,12100,19,Transactional,,,not ranking,/collections/mangoes,create/optimise target page,89.1
3 Generic mango buying,mango price,2400,13,Transactional,18,/blogs/price,striking distance (11-20),/collections/mangoes,"push to page 1: dedicated section, internal links",53.3
3 Generic mango buying,mangos online,3600,24,"Informational, Commercial",,,not ranking,/collections/mangoes,create/optimise target page,45.6
3 Generic mango buying,organic mango,1600,14,Commercial,,,not ranking,/collections/mangoes,create/optimise target page,34.4
3 Generic mango buying,1 kg mango price today,1300,15,Transactional,,,not ranking,/collections/mangoes,create/optimise target page,30.6
3 Generic mango buying,mango rate today,1300,17,Informational,,,not ranking,/collections/mangoes,create/optimise target page,29.9
3 Generic mango buying,mango online,1900,33,Commercial,,,not ranking,/collections/mangoes,create/optimise target page,29.2
3 Generic mango buying,mango fruit online,1300,21,Commercial,,,not ranking,/collections/mangoes,create/optimise target page,28.5
3 Generic mango buying,top 10 best mango in india,1000,10,Commercial,,,not ranking,/collections/mangoes,create/optimise target page,28.5
3 Generic mango buying,best mango in india,1300,22,Commercial,,,not ranking,/collections/mangoes,create/optimise target page,28.1
3 Generic mango buying,best mango variety,1300,23,Commercial,,,not ranking,/collections/mangoes,create/optimise target page,27.8
3 Generic mango buying,mango price per kg,1300,24,Transactional,,,not ranking,/collections/mangoes,create/optimise target page,27.4
3 Generic mango buying,mango box,1300,24,"Informational, Transactional",,,not ranking,/collections/mangoes,create/optimise target page,27.4
3 Generic mango buying,mango market near me,1600,32,Transactional,,,not ranking,/collections/mangoes,create/optimise target page,27.2
3 Generic mango buying,mango fruit buy online,1000,17,Transactional,,,not ranking,/collections/mangoes,create/optimise target page,26.2
3 Generic mango buying,buy mango online,1300,30,Transactional,,,not ranking,/collections/mangoes,create/optimise target page,25.2
3 Generic mango buying,mango pulp price,1000,21,Commercial,3,/products/alphonso-mango-pulp,top 3,/products/alphonso-mango-pulp,defend: keep price block fresh (live tokens),25.0
3 Generic mango buying,order mangoes online,1000,22,Commercial,,,not ranking,/collections/mangoes,create/optimise target page,24.7
3 Generic mango buying,online mango shopping,1300,33,Commercial,,,not ranking,/collections/mangoes,create/optimise target page,24.2
3 Generic mango buying,mango store,1900,47,Navigational,,,not ranking,/collections/mangoes,create/optimise target page,23.1
3 Generic mango buying,best mango,1000,28,Informational,,,not ranking,/collections/mangoes,create/optimise target page,22.8
3 Generic mango buying,1 kg mango price,590,8,Transactional,,,not ranking,/collections/mangoes,create/optimise target page,22.3
3 Generic mango buying,mango online india,1900,51,Navigational,,,not ranking,/collections/mangoes,create/optimise target page,21.4
3 Generic mango buying,best mango in the india,590,12,Commercial,,,not ranking,/collections/mangoes,create/optimise target page,21.4
3 Generic mango buying,mango rate,590,13,Informational,2,/blogs/faq/how-many-mangoes-in-1-kg,top 3,/collections/mangoes,defend: keep price block fresh (live tokens),21.1
3 Generic mango buying,mango sale,720,23,Transactional,,,not ranking,/collections/mangoes,create/optimise target page,20.7
3 Generic mango buying,best type of mangoes,590,15,Commercial,,,not ranking,/collections/mangoes,create/optimise target page,20.6
3 Generic mango buying,mango 1 kg,390,17,Commercial,5,/blogs/faq/how-many-mangoes-in-1-kg,page 1 (4-10),/collections/mangoes,push to top 3: title/H1 + price table + FAQ,20.5
3 Generic mango buying,mango shop near me,720,24,Transactional,,,not ranking,/collections/mangoes,create/optimise target page,20.4
3 Generic mango buying,langra mango price,590,16,Transactional,,,not ranking,/collections/mangoes,create/optimise target page,20.4
3 Generic mango buying,mango 1kg price,590,17,Commercial,,,not ranking,/collections/mangoes,create/optimise target page,20.2
3 Generic mango buying,best mango variety in india,720,25,Commercial,,,not ranking,/collections/mangoes,create/optimise target page,20.1
3 Generic mango buying,mango peti,480,10,Informational,,,not ranking,/collections/mangoes,create/optimise target page,19.7
3 Generic mango buying,best time to eat mango for weight loss,390,20,Commercial,11,/blogs/hapus/can-i-eat-mango-in-night,striking distance (11-20),/collections/mangoes,"push to page 1: dedicated section, internal links",19.7
3 Generic mango buying,which mango is best,480,12,Informational,,,not ranking,/collections/mangoes,create/optimise target page,19.3
3 Generic mango buying,best mango in the world,720,28,"Informational, Commercial",,,not ranking,/collections/mangoes,create/optimise target page,19.3
3 Generic mango buying,best mango photo,720,28,Commercial,1,/blogs/hapus/best-mango-in-the-world,top 3,/collections/mangoes,defend: keep price block fresh (live tokens),19.3
3 Generic mango buying,mango order,590,23,Commercial,,,not ranking,/collections/mangoes,create/optimise target page,18.7
3 Generic mango buying,buy mango,480,15,Commercial,,,not ranking,/collections/mangoes,create/optimise target page,18.6
3 Generic mango buying,mango a worth rs 130/kg,590,25,Informational,,,not ranking,/collections/mangoes,create/optimise target page,18.2
3 Generic mango buying,best mangoes in india,390,10,Informational,,,not ranking,/collections/mangoes,create/optimise target page,17.8
3 Generic mango buying,purple mango price,480,20,Informational,,,not ranking,/collections/mangoes,create/optimise target page,17.5
3 Generic mango buying,langra mango online,320,4,Commercial,,,not ranking,/collections/mangoes,create/optimise target page,17.2
3 Generic mango buying,mango pulp 1 kg price,320,23,Commercial,6,/products/alphonso-mango-pulp,page 1 (4-10),/products/alphonso-mango-pulp,push to top 3: title/H1 + price table + FAQ,17.2
3 Generic mango buying,mango price today,390,15,Transactional,,,not ranking,/collections/mangoes,create/optimise target page,16.8
3 Generic mango buying,organic mangoes near me,390,16,Transactional,,,not ranking,/collections/mangoes,create/optimise target page,16.6
3 Generic mango buying,mango shop online,2400,67,"Navigational, Commercial",,,not ranking,/collections/mangoes,create/optimise target page,16.2
3 Generic mango buying,mango pulp near me,480,26,Transactional,,,not ranking,/products/alphonso-mango-pulp,create/optimise target page,16.2
3 Generic mango buying,organic mangoes online,320,14,Commercial,,,not ranking,/collections/mangoes,create/optimise target page,15.4
3 Generic mango buying,raw mango near me,390,22,Transactional,,,not ranking,/collections/mangoes,create/optimise target page,15.4
3 Generic mango buying,mango dolly price,320,15,Commercial,,,not ranking,/collections/mangoes,create/optimise target page,15.2
3 Generic mango buying,mango packing boxes,390,23,Commercial,,,not ranking,/collections/mangoes,create/optimise target page,15.2
3 Generic mango buying,mango shop,1600,63,Navigational,,,not ranking,/collections/mangoes,create/optimise target page,14.8
3 Generic mango buying,1 kg mango,260,10,Informational,,,not ranking,/collections/mangoes,create/optimise target page,14.5
3 Generic mango buying,mango box price,320,19,Commercial,,,not ranking,/collections/mangoes,create/optimise target page,14.5
3 Generic mango buying,malda mango price,260,10,Commercial,,,not ranking,/collections/mangoes,create/optimise target page,14.5
3 Generic mango buying,mango delivery,320,20,"Informational, Commercial",,,not ranking,/collections/mangoes,create/optimise target page,14.3
3 Generic mango buying,best place to buy mangoes online,320,20,Commercial,,,not ranking,/collections/mangoes,create/optimise target page,14.3
3 Generic mango buying,mango pulp online,210,2,Commercial,,,not ranking,/products/alphonso-mango-pulp,create/optimise target page,14.2
3 Generic mango buying,order of mango,320,22,Informational,,,not ranking,/collections/mangoes,create/optimise target page,14.0
3 Generic mango buying,mango mandi near me,390,30,Transactional,,,not ranking,/collections/mangoes,create/optimise target page,13.8
3 Generic mango buying,1 dozen mango price,260,15,Commercial,,,not ranking,/collections/mangoes,create/optimise target page,13.7
3 Generic mango buying,online mango delivery,320,24,Commercial,,,not ranking,/collections/mangoes,create/optimise target page,13.6
3 Generic mango buying,hamam mango price,210,9,Transactional,,,not ranking,/collections/mangoes,create/optimise target page,13.2
3 Generic mango buying,mango per kg price,210,11,Transactional,,,not ranking,/collections/mangoes,create/optimise target page,12.9
3 Generic mango buying,mango wholesale,320,28,Commercial,,,not ranking,/pages/mango-export,create/optimise target page,12.9
3 Generic mango buying,mangostin price,260,22,Transactional,,,not ranking,/collections/mangoes,create/optimise target page,12.6
3 Generic mango buying,mango fruit price,210,14,Transactional,,,not ranking,/collections/mangoes,create/optimise target page,12.5
3 Generic mango buying,malda mango online,170,4,Commercial,,,not ranking,/collections/mangoes,create/optimise target page,12.5
3 Generic mango buying,mango rate per kg,260,24,Commercial,,,not ranking,/collections/mangoes,create/optimise target page,12.3
3 Generic mango buying,mango fruit near me,210,17,Transactional,,,not ranking,/collections/mangoes,create/optimise target page,12.0
3 Generic mango buying,mango dealers near me,260,26,Transactional,,,not ranking,/collections/mangoes,create/optimise target page,11.9
3 Generic mango buying,mango peti price,210,19,Commercial,,,not ranking,/collections/mangoes,create/optimise target page,11.7
3 Generic mango buying,red mango prices,210,19,Transactional,,,not ranking,/collections/mangoes,create/optimise target page,11.7
3 Generic mango buying,mango kg price,170,13,Transactional,,,not ranking,/collections/mangoes,create/optimise target page,11.3
3 Generic mango buying,mango wine price,140,6,Commercial,,,not ranking,/collections/mangoes,create/optimise target page,11.1
3 Generic mango buying,mango wood box,210,25,Informational,,,not ranking,/collections/mangoes,create/optimise target page,10.9
3 Generic mango buying,mango wholesale price,170,17,Transactional,,,not ranking,/pages/mango-export,create/optimise target page,10.8
3 Generic mango buying,how many mangoes in 1 kg,210,26,Informational,1,/blogs/faq/how-many-mangoes-in-1-kg,top 3,/collections/mangoes,defend: keep price block fresh (live tokens),10.7
3 Generic mango buying,mango price in india,170,18,Commercial,,,not ranking,/collections/mangoes,create/optimise target page,10.7
3 Generic mango buying,best mango variety in the world,170,18,"Informational, Commercial",,,not ranking,/collections/mangoes,create/optimise target page,10.7
3 Generic mango buying,mankurad mango price,210,27,Transactional,,,not ranking,/collections/mangoes,create/optimise target page,10.6
3 Generic mango buying,miya kazi mango price,170,19,Transactional,,,not ranking,/collections/mangoes,create/optimise target page,10.6
3 Generic mango buying,mango home delivery,260,35,Commercial,,,not ranking,/collections/mangoes,create/optimise target page,10.5
3 Generic mango buying,safeda mango online,140,11,Commercial,,,not ranking,/collections/mangoes,create/optimise target page,10.5
3 Generic mango buying,mango cost,110,21,"Informational, Transactional",4,/blogs/price/cost-of-alphonso-mangoes-in-mumbai,page 1 (4-10),/collections/mangoes,push to top 3: title/H1 + price table + FAQ,10.4
3 Generic mango buying,mankurad mango price 2019,170,22,Transactional,,,not ranking,/collections/mangoes,create/optimise target page,10.2
3 Generic mango buying,mango fruit price in india,170,22,Transactional,,,not ranking,/collections/mangoes,create/optimise target page,10.2
3 Generic mango buying,mango online sale,260,38,Transactional,,,not ranking,/collections/mangoes,create/optimise target page,10.0
3 Generic mango buying,mango market rate,170,25,Informational,,,not ranking,/collections/mangoes,create/optimise target page,9.8
3 Generic mango buying,mango stem fruit price,140,19,Commercial,,,not ranking,/collections/mangoes,create/optimise target page,9.6
3 Generic mango buying,mango packaging box,140,19,Informational,,,not ranking,/collections/mangoes,create/optimise target page,9.6
3 Generic mango buying,fresh mangoes online,140,19,Commercial,,,not ranking,/collections/mangoes,create/optimise target page,9.6
3 Generic mango buying,best quality mango,110,9,Commercial,,,not ranking,/collections/mangoes,create/optimise target page,9.5
3 Generic mango buying,sundari mango price,140,22,Transactional,,,not ranking,/collections/mangoes,create/optimise target page,9.2
3 Generic mango buying,mango price in market,110,13,Commercial,,,not ranking,/collections/mangoes,create/optimise target page,9.1
3 Generic mango buying,which is the best mango in india,110,17,Commercial,,,not ranking,/collections/mangoes,create/optimise target page,8.7
3 Generic mango buying,online mango purchase,140,27,Commercial,,,not ranking,/collections/mangoes,create/optimise target page,8.6
3 Generic mango buying,mango order name,140,27,Informational,,,not ranking,/collections/mangoes,create/optimise target page,8.6
3 Generic mango buying,mango online store,260,48,"Navigational, Commercial",,,not ranking,/collections/mangoes,create/optimise target page,8.4
3 Generic mango buying,mango order taxonomy,110,21,Informational,,,not ranking,/collections/mangoes,create/optimise target page,8.3
3 Generic mango buying,are mangoes available now,110,26,Informational,,,not ranking,/collections/mangoes,create/optimise target page,7.8
3 Generic mango buying,mango ras online,170,,,3,/products/alphonso-mango-pulp,top 3,/collections/mangoes,defend: keep price block fresh (live tokens),7.8
3 Generic mango buying,mango wholesaler near me,110,29,"Navigational, Transactional",,,not ranking,/pages/mango-export,create/optimise target page,7.4
3 Generic mango buying,online mango sale,110,30,Transactional,,,not ranking,/collections/mangoes,create/optimise target page,7.3
3 Generic mango buying,mango sale online,110,30,Transactional,,,not ranking,/collections/mangoes,create/optimise target page,7.3
3 Generic mango buying,mango sale online shopping,110,30,Transactional,,,not ranking,/collections/mangoes,create/optimise target page,7.3
3 Generic mango buying,which is the best mango,140,,,44,/blogs/faq/which-mango-is-best,weak (21+),/collections/mangoes,"rework target page: title, H1, price table, internal links",7.1
3 Generic mango buying,fresh mangoes near me,110,37,Transactional,,,not ranking,/collections/mangoes,create/optimise target page,6.6
3 Generic mango buying,mango online shopping india,210,55,Navigational,,,not ranking,/collections/mangoes,create/optimise target page,6.5
3 Generic mango buying,mango apparel online,170,51,"Navigational, Commercial",,,not ranking,/collections/mangoes,create/optimise target page,6.4
3 Generic mango buying,azadpur mandi mango rate today,110,,,,,not ranking,/collections/mangoes,create/optimise target page,6.3
3 Generic mango buying,mango wood price per kg,110,,Transactional,,,not ranking,/collections/mangoes,create/optimise target page,6.3
3 Generic mango buying,which mango is best in india,110,,,,,not ranking,/collections/mangoes,create/optimise target page,6.3
3 Generic mango buying,mango box dimensions,110,,,,,not ranking,/collections/mangoes,create/optimise target page,6.3
3 Generic mango buying,mango carton box,110,,,,,not ranking,/collections/mangoes,create/optimise target page,6.3
3 Generic mango buying,mango gift box,110,,,,,not ranking,/pages/gift-form,create/optimise target page,6.3
3 Generic mango buying,mango safeda 1 kg,110,,,,,not ranking,/collections/mangoes,create/optimise target page,6.3
3 Generic mango buying,mango sale india,170,53,"Navigational, Transactional",,,not ranking,/collections/mangoes,create/optimise target page,6.1
3 Generic mango buying,mango fashion online,170,53,"Navigational, Commercial",,,not ranking,/collections/mangoes,create/optimise target page,6.1
3 Generic mango buying,best quality mango in india,90,,,,,not ranking,/collections/mangoes,create/optimise target page,5.7
3 Generic mango buying,mango price in thailand,90,,,,,not ranking,/collections/mangoes,create/optimise target page,5.7
3 Generic mango buying,mango wholesale near me,90,,,,,not ranking,/pages/mango-export,create/optimise target page,5.7
3 Generic mango buying,sindoori mango price,90,,,,,not ranking,/collections/mangoes,create/optimise target page,5.7
3 Generic mango buying,buy mangoes near me,90,,,,,not ranking,/collections/mangoes,create/optimise target page,5.7
3 Generic mango buying,banginapalli mangoes online,90,,,,,not ranking,/collections/mangoes,create/optimise target page,5.7
3 Generic mango buying,mango ras price,90,,,,,not ranking,/collections/mangoes,create/optimise target page,5.7
3 Generic mango buying,1 dozen mango,90,,,,,not ranking,/collections/mangoes,create/optimise target page,5.7
3 Generic mango buying,best sweet mango in india,90,,,,,not ranking,/collections/mangoes,create/optimise target page,5.7
3 Generic mango buying,best type of mango,90,,,,,not ranking,/collections/mangoes,create/optimise target page,5.7
3 Generic mango buying,which country has the best mangoes,90,,,,,not ranking,/collections/mangoes,create/optimise target page,5.7
3 Generic mango buying,which is the best mango in the world,90,,,,,not ranking,/collections/mangoes,create/optimise target page,5.7
3 Generic mango buying,1 kg mango price in india,70,,,,,not ranking,/collections/mangoes,create/optimise target page,5.0
3 Generic mango buying,mango 2.5 lakh per kg,70,,,,,not ranking,/collections/mangoes,create/optimise target page,5.0
3 Generic mango buying,mango price per kg today,70,,,,,not ranking,/collections/mangoes,create/optimise target page,5.0
3 Generic mango buying,organic mango price,70,,,,,not ranking,/collections/mangoes,create/optimise target page,5.0
3 Generic mango buying,wholesale mango market near me,70,,,,,not ranking,/pages/mango-export,create/optimise target page,5.0
3 Generic mango buying,wholesale mango near me,70,,,,,not ranking,/pages/mango-export,create/optimise target page,5.0
3 Generic mango buying,badami mango price,70,,,,,not ranking,/collections/mangoes,create/optimise target page,5.0
3 Generic mango buying,best mangoes online,70,,,,,not ranking,/collections/mangoes,create/optimise target page,5.0
3 Generic mango buying,mangoes online delivery,70,,,,,not ranking,/collections/mangoes,create/optimise target page,5.0
3 Generic mango buying,empty mango box,70,,,,,not ranking,/collections/mangoes,create/optimise target page,5.0
3 Generic mango buying,if there are 50 mangoes in a box,70,,,,,not ranking,/collections/mangoes,create/optimise target page,5.0
3 Generic mango buying,mango box images,70,,,,,not ranking,/collections/mangoes,create/optimise target page,5.0
3 Generic mango buying,mango empty box,70,,,,,not ranking,/collections/mangoes,create/optimise target page,5.0
3 Generic mango buying,world most expensive mango price,70,,,,,not ranking,/collections/mangoes,create/optimise target page,5.0
3 Generic mango buying,fresh mangoes home delivery,70,,,,,not ranking,/collections/mangoes,create/optimise target page,5.0
3 Generic mango buying,2 dozen mango weight,70,,,,,not ranking,/collections/mangoes,create/optimise target page,5.0
3 Generic mango buying,best sweet mango,70,,,,,not ranking,/collections/mangoes,create/optimise target page,5.0
3 Generic mango buying,most expensive mango price,70,,,,,not ranking,/collections/mangoes,create/optimise target page,5.0
3 Generic mango buying,raspuri mango price,70,,,,,not ranking,/collections/mangoes,create/optimise target page,5.0
3 Generic mango buying,mango clothing sale online,110,55,Transactional,,,not ranking,/collections/mangoes,create/optimise target page,4.7
3 Generic mango buying,benishan mango price,50,,,,,not ranking,/collections/mangoes,create/optimise target page,4.2
3 Generic mango buying,jamadar mango price,50,,,,,not ranking,/collections/mangoes,create/optimise target page,4.2
3 Generic mango buying,mango fruit for sale,50,,,,,not ranking,/collections/mangoes,create/optimise target page,4.2
3 Generic mango buying,mango per kg,50,,,,,not ranking,/collections/mangoes,create/optimise target page,4.2
3 Generic mango buying,senthoora mango price,50,,,,,not ranking,/collections/mangoes,create/optimise target page,4.2
3 Generic mango buying,fresh mangoes for sale near me,50,,,,,not ranking,/collections/mangoes,create/optimise target page,4.2
3 Generic mango buying,raspuri mango online,50,,,,,not ranking,/collections/mangoes,create/optimise target page,4.2
3 Generic mango buying,mango box wholesale,50,,,,,not ranking,/pages/mango-export,create/optimise target page,4.2
3 Generic mango buying,best tasting mango,50,,,,,not ranking,/collections/mangoes,create/optimise target page,4.2
3 Generic mango buying,which type of mango is best,50,,,,,not ranking,/collections/mangoes,create/optimise target page,4.2
3 Generic mango buying,chinna rasalu mango online,50,,,,,not ranking,/collections/mangoes,create/optimise target page,4.2
3 Generic mango buying,mango rasalu online,50,,,,,not ranking,/collections/mangoes,create/optimise target page,4.2
3 Generic mango buying,glucon d mango 1kg price,50,,,,,not ranking,/collections/mangoes,create/optimise target page,4.2
3 Generic mango buying,best quality of mango in india,40,,,,,not ranking,/collections/mangoes,create/optimise target page,3.8
3 Generic mango buying,chandrakaran mango price,40,,,,,not ranking,/collections/mangoes,create/optimise target page,3.8
3 Generic mango buying,koyambedu market mango price list today,40,,,,,not ranking,/collections/mangoes,create/optimise target page,3.8
3 Generic mango buying,price of 1 kg mango,40,,,,,not ranking,/collections/mangoes,create/optimise target page,3.8
3 Generic mango buying,sell mangoes online,40,,,,,not ranking,/collections/mangoes,create/optimise target page,3.8
3 Generic mango buying,carbide free mangoes near me,40,,,,,not ranking,/collections/mangoes,create/optimise target page,3.8
3 Generic mango buying,carbide free mangoes online,40,,,,,not ranking,/collections/mangoes,create/optimise target page,3.8
3 Generic mango buying,farm fresh mangoes online,40,,,,,not ranking,/collections/mangoes,create/optimise target page,3.8
3 Generic mango buying,dudhiya malda mango price,40,,,,,not ranking,/collections/mangoes,create/optimise target page,3.8
3 Generic mango buying,wooden mango box,40,,,,,not ranking,/collections/mangoes,create/optimise target page,3.8
3 Generic mango buying,order fresh mangoes online,40,,,,,not ranking,/collections/mangoes,create/optimise target page,3.8
3 Generic mango buying,tang mango 500g price,40,,,,,not ranking,/collections/mangoes,create/optimise target page,3.8
3 Generic mango buying,falahaar mango blast price,40,,,,,not ranking,/collections/mangoes,create/optimise target page,3.8
3 Generic mango buying,rasalu mango price,40,,,,,not ranking,/collections/mangoes,create/optimise target page,3.8
3 Generic mango buying,rasalu mangoes online,40,,,,,not ranking,/collections/mangoes,create/optimise target page,3.8
3 Generic mango buying,malihabad mango price,40,,,,,not ranking,/collections/mangoes,create/optimise target page,3.8
3 Generic mango buying,1 kg mango price in kerala,30,,,,,not ranking,/collections/mangoes,create/optimise target page,3.3
3 Generic mango buying,fresh mango price,30,,,,,not ranking,/collections/mangoes,create/optimise target page,3.3
3 Generic mango buying,hampa mango ras price,30,,,,,not ranking,/collections/mangoes,create/optimise target page,3.3
3 Generic mango buying,how much is 1 kg of mango,30,,,,,not ranking,/collections/mangoes,create/optimise target page,3.3
3 Generic mango buying,mango brand price range,30,,,,,not ranking,/collections/mangoes,create/optimise target page,3.3
3 Generic mango buying,mango fruit buy,30,,,,,not ranking,/collections/mangoes,create/optimise target page,3.3
3 Generic mango buying,mango price in apmc market vashi,30,,,,,not ranking,/collections/mangoes,create/optimise target page,3.3
3 Generic mango buying,mango prices woolworths,30,,,,,not ranking,/collections/mangoes,create/optimise target page,3.3
3 Generic mango buying,mango pulp price per kg in india,30,,,,,not ranking,/products/alphonso-mango-pulp,create/optimise target page,3.3
3 Generic mango buying,mango rate in apmc market,30,,,,,not ranking,/collections/mangoes,create/optimise target page,3.3
3 Generic mango buying,mango rate in azadpur mandi,30,,,,,not ranking,/collections/mangoes,create/optimise target page,3.3
3 Generic mango buying,price of kaccha mango bite,30,,,,,not ranking,/collections/mangoes,create/optimise target page,3.3
3 Generic mango buying,vashi market mango rate,30,,,,,not ranking,/collections/mangoes,create/optimise target page,3.3
3 Generic mango buying,buy langra mango online,30,,,,,not ranking,/collections/mangoes,create/optimise target page,3.3
3 Generic mango buying,mango available,30,,,,,not ranking,/collections/mangoes,create/optimise target page,3.3
3 Generic mango buying,mango india sale date,30,,,,,not ranking,/collections/mangoes,create/optimise target page,3.3
3 Generic mango buying,why mangoes are available only in summer,30,,,,,not ranking,/collections/mangoes,create/optimise target page,3.3
3 Generic mango buying,best type of mango in india,30,,,,,not ranking,/collections/mangoes,create/optimise target page,3.3
3 Generic mango buying,best way to ripen mangoes,30,,,,,not ranking,/collections/mangoes,create/optimise target page,3.3
3 Generic mango buying,aditi mango pulp price,30,,,,,not ranking,/products/alphonso-mango-pulp,create/optimise target page,3.3
3 Generic mango buying,best mango pulp brand,30,,,,,not ranking,/products/alphonso-mango-pulp,create/optimise target page,3.3
3 Generic mango buying,buy mango pulp,30,,,,,not ranking,/products/alphonso-mango-pulp,create/optimise target page,3.3
3 Generic mango buying,buy mango pulp online,30,,,,,not ranking,/products/alphonso-mango-pulp,create/optimise target page,3.3
3 Generic mango buying,desai mango pulp price,30,,,,,not ranking,/products/alphonso-mango-pulp,create/optimise target page,3.3
3 Generic mango buying,gst rate for mango pulp,30,,,,,not ranking,/products/alphonso-mango-pulp,create/optimise target page,3.3
3 Generic mango buying,mango price in big basket,30,,,,,not ranking,/collections/mangoes,create/optimise target page,3.3
3 Generic mango buying,mango pulp gst rate,30,,,,,not ranking,/products/alphonso-mango-pulp,create/optimise target page,3.3
3 Generic mango buying,mango pulp processing unit cost,30,,,,,not ranking,/products/alphonso-mango-pulp,create/optimise target page,3.3
3 Generic mango buying,organic mango pulp,30,,,,,not ranking,/products/alphonso-mango-pulp,create/optimise target page,3.3
3 Generic mango buying,ripe mango online,30,,,,,not ranking,/collections/mangoes,create/optimise target page,3.3
3 Generic mango buying,10 kg mango box,30,,,,,not ranking,/collections/mangoes,create/optimise target page,3.3
3 Generic mango buying,alpha mangostin price,30,,,,,not ranking,/collections/mangoes,create/optimise target page,3.3
3 Generic mango buying,buy malda mango online,30,,,,,not ranking,/collections/mangoes,create/optimise target page,3.3
3 Generic mango buying,mango grafts for sale,30,,,,,not ranking,/collections/mangoes,create/optimise target page,3.3
3 Generic mango buying,mango ki peti,30,,,,,not ranking,/collections/mangoes,create/optimise target page,3.3
3 Generic mango buying,mangoo box,30,,,,,not ranking,/collections/mangoes,create/optimise target page,3.3
3 Generic mango buying,green mango delivery,30,,,,,not ranking,/collections/mangoes,create/optimise target page,3.3
3 Generic mango buying,green mango online,30,,,,,not ranking,/collections/mangoes,create/optimise target page,3.3
3 Generic mango buying,green mango price,30,,,,,not ranking,/collections/mangoes,create/optimise target page,3.3
3 Generic mango buying,mango bar online,30,,,,,not ranking,/collections/mangoes,create/optimise target page,3.3
3 Generic mango buying,rasna mango price,30,,,,,not ranking,/collections/mangoes,create/optimise target page,3.3
3 Generic mango buying,red mango price in india,30,,,,,not ranking,/collections/mangoes,create/optimise target page,3.3
3 Generic mango buying,where can i buy green mangoes near me,30,,,,,not ranking,/collections/mangoes,create/optimise target page,3.3
3 Generic mango buying,1 dozen mango weight,30,,,,,not ranking,/collections/mangoes,create/optimise target page,3.3
3 Generic mango buying,amul mango shrikhand price,30,,,,,not ranking,/collections/mangoes,create/optimise target page,3.3
3 Generic mango buying,best mango fruit in the world,30,,,,,not ranking,/collections/mangoes,create/optimise target page,3.3
3 Generic mango buying,best mango taste in the world,30,,,,,not ranking,/collections/mangoes,create/optimise target page,3.3
3 Generic mango buying,best way to cut a mango,30,,,,,not ranking,/collections/mangoes,create/optimise target page,3.3
3 Generic mango buying,complan mango flavour price,30,,,,,not ranking,/collections/mangoes,create/optimise target page,3.3
3 Generic mango buying,mango wine price in india,30,,,,,not ranking,/collections/mangoes,create/optimise target page,3.3
3 Generic mango buying,mangofillz buy online,30,,,,,not ranking,/collections/mangoes,create/optimise target page,3.3
3 Generic mango buying,the best mango,30,,,,,not ranking,/collections/mangoes,create/optimise target page,3.3
3 Generic mango buying,mango yogurt near me,30,,,,,not ranking,/collections/mangoes,create/optimise target page,3.3
3 Generic mango buying,ratol mango price,30,,,,,not ranking,/collections/mangoes,create/optimise target page,3.3
4 City + mango,mango store in mumbai,480,23,Navigational,,,not ranking,city page /blogs/mango-location/...,create/optimise target page,16.9
4 City + mango,mangoes online hyderabad,260,8,Commercial,,,not ranking,city page /blogs/mango-location/...,create/optimise target page,14.8
4 City + mango,organic mangoes hyderabad,260,10,Commercial,,,not ranking,city page /blogs/mango-location/...,create/optimise target page,14.5
4 City + mango,mango store bangalore,390,27,Navigational,,,not ranking,city page /blogs/mango-location/...,create/optimise target page,14.4
4 City + mango,mango price in bangalore,260,19,Transactional,,,not ranking,city page /blogs/mango-location/...,create/optimise target page,13.1
4 City + mango,mango price in delhi,210,10,Transactional,,,not ranking,city page /blogs/mango-location/...,create/optimise target page,13.0
4 City + mango,mango price delhi,210,10,Transactional,29,/blogs/kesar-mango/kesar-mango-price-in-delhi,weak (21+),city page /blogs/mango-location/...,"rework target page: title, H1, price table, internal links",13.0
4 City + mango,bangalore mango price,260,20,Transactional,,,not ranking,city page /blogs/mango-location/...,create/optimise target page,12.9
4 City + mango,mango price in mumbai,210,13,Commercial,,,not ranking,city page /blogs/mango-location/...,create/optimise target page,12.6
4 City + mango,mango store in hyderabad,210,18,Commercial,,,not ranking,city page /blogs/mango-location/...,create/optimise target page,11.9
4 City + mango,mango rate in mumbai,140,8,Informational,,,not ranking,city page /blogs/mango-location/...,create/optimise target page,10.9
4 City + mango,mango rate in delhi,140,10,Informational,,,not ranking,city page /blogs/mango-location/...,create/optimise target page,10.6
4 City + mango,mango store ahmedabad,110,26,Commercial,14,/blogs/location/alphonso-mango-online-ahmedabad,striking distance (11-20),city page /blogs/mango-location/...,"push to page 1: dedicated section, internal links",9.7
4 City + mango,mango rate in pune,140,19,Commercial,,,not ranking,city page /blogs/mango-location/...,create/optimise target page,9.6
4 City + mango,organic mangoes bangalore,110,10,Commercial,,,not ranking,city page /blogs/mango-location/...,create/optimise target page,9.4
4 City + mango,price of mango in pune,110,16,Commercial,,,not ranking,city page /blogs/mango-location/...,create/optimise target page,8.8
4 City + mango,mango price in kolkata,110,17,Transactional,,,not ranking,city page /blogs/mango-location/...,create/optimise target page,8.7
4 City + mango,market yard pune mango rates,110,,,,,not ranking,city page /blogs/mango-location/...,create/optimise target page,6.3
4 City + mango,organic mangoes in chennai,110,,,,,not ranking,city page /blogs/mango-location/...,create/optimise target page,6.3
4 City + mango,mango online delhi,90,,,,,not ranking,city page /blogs/mango-location/...,create/optimise target page,5.7
4 City + mango,wholesale mango market in bangalore,90,,,,,not ranking,city page /blogs/mango-location/...,create/optimise target page,5.7
4 City + mango,mangoes online bangalore,70,,,,,not ranking,city page /blogs/mango-location/...,create/optimise target page,5.0
4 City + mango,mango price in chennai,70,,,,,not ranking,city page /blogs/mango-location/...,create/optimise target page,5.0
4 City + mango,mango price in pune,70,,,,,not ranking,city page /blogs/mango-location/...,create/optimise target page,5.0
4 City + mango,mango price in surat,70,,,,,not ranking,city page /blogs/mango-location/...,create/optimise target page,5.0
4 City + mango,best mangoes in bangalore,70,,,,,not ranking,city page /blogs/mango-location/...,create/optimise target page,5.0
4 City + mango,best place to buy mangoes in bangalore,70,,,,,not ranking,city page /blogs/mango-location/...,create/optimise target page,5.0
4 City + mango,buy mangoes online bangalore,70,,,,,not ranking,city page /blogs/mango-location/...,create/optimise target page,5.0
4 City + mango,badami mango price in bangalore,70,,,,,not ranking,city page /blogs/mango-location/...,create/optimise target page,5.0
4 City + mango,mango price in ahmedabad,70,,,,,not ranking,city page /blogs/mango-location/...,create/optimise target page,5.0
4 City + mango,best mango in ahmedabad,70,,,,,not ranking,city page /blogs/mango-location/...,create/optimise target page,5.0
4 City + mango,1 kg mango price in chennai,50,,,,,not ranking,city page /blogs/mango-location/...,create/optimise target page,4.2
4 City + mango,wholesale mango market in pune,50,,,,,not ranking,city page /blogs/mango-location/...,create/optimise target page,4.2
4 City + mango,best mangoes in chennai,50,,,,,not ranking,city page /blogs/mango-location/...,create/optimise target page,4.2
4 City + mango,mango farm for sale near bangalore,50,,,,,not ranking,city page /blogs/mango-location/...,create/optimise target page,4.2
4 City + mango,mango rate in bangalore,50,,,,,not ranking,city page /blogs/mango-location/...,create/optimise target page,4.2
4 City + mango,mangoes online chennai,50,,,,,not ranking,city page /blogs/mango-location/...,create/optimise target page,4.2
4 City + mango,best mango ras in ahmedabad,50,,,,,not ranking,city page /blogs/mango-location/...,create/optimise target page,4.2
4 City + mango,mango price in lucknow,40,,,,,not ranking,city page /blogs/mango-location/...,create/optimise target page,3.8
4 City + mango,safeda mango price in delhi,40,,,,,not ranking,city page /blogs/mango-location/...,create/optimise target page,3.8
4 City + mango,buy mangoes online hyderabad,30,,,,,not ranking,city page /blogs/mango-location/...,create/optimise target page,3.3
4 City + mango,delhi mango price,30,,,,,not ranking,city page /blogs/mango-location/...,create/optimise target page,3.3
4 City + mango,mango price in patna,30,,,,,not ranking,city page /blogs/mango-location/...,create/optimise target page,3.3
4 City + mango,mango price in vadodara,30,,,,,not ranking,city page /blogs/mango-location/...,create/optimise target page,3.3
4 City + mango,mango rate today in delhi,30,,,,,not ranking,city page /blogs/mango-location/...,create/optimise target page,3.3
4 City + mango,mango delivery bangalore,30,,,,,not ranking,city page /blogs/mango-location/...,create/optimise target page,3.3
4 City + mango,mango online in bangalore,30,,,,,not ranking,city page /blogs/mango-location/...,create/optimise target page,3.3
4 City + mango,online mango delivery in bangalore,30,,,,,not ranking,city page /blogs/mango-location/...,create/optimise target page,3.3
4 City + mango,organic mangoes online bangalore,30,,,,,not ranking,city page /blogs/mango-location/...,create/optimise target page,3.3
4 City + mango,raspuri mango price in bangalore,30,,,,,not ranking,city page /blogs/mango-location/...,create/optimise target page,3.3
