url,host,in_ahrefs,in_semrush,ahrefs_DR,ahrefs_spam,ahrefs_lost
https://www.aninews.in/news/business/summer-delights-delivered-experience-ratnagiri-and-devgad-alphonso-mangoes-at-your-doorstep20240304150643/,aninews.in,False,False,,,
https://theprint.in/ani-press-releases/summer-delights-delivered-experience-ratnagiri-and-devgad-alphonso-mangoes-at-your-doorstep/1987656/,theprint.in,False,False,,,
https://www.latestly.com/agency-news/business-news-summer-delights-delivered-experience-ratnagiri-and-devgad-alphonso-mangoes-at-your-doorstep-5798437.html,latestly.com,False,False,,,
https://everydaysubjects.com/?p=3046,everydaysubjects.com,False,False,,,
https://thehindustanexpress.co.in/archives/18534/,thehindustanexpress.co.in,False,False,,,
https://dailygossiponline.com/summer-delights-delivered-experience-ratnagiri-and-devgad-alphonso-mangoes-at-your-doorstep/,dailygossiponline.com,False,True,,,
https://indiapressbuzz.co.in/archives/17787/,indiapressbuzz.co.in,False,False,,,
https://indianexpressdaily.co.in/agency-news/7796/,indianexpressdaily.co.in,False,False,,,
https://keralanewsjournal.in/news/18435,keralanewsjournal.in,False,False,,,
https://indiapresscoverage.co.in/archives/17854/,indiapresscoverage.co.in,False,False,,,
https://biharnewswatch.in/agency-news/8643/,biharnewswatch.in,False,False,,,
https://indiabulletinlive.co.in/news/28202/,indiabulletinlive.co.in,False,False,,,
https://indiatodaydaily.co.in/news/34192,indiatodaydaily.co.in,False,False,,,
https://indiabuzznews.co.in/agency-news/7868/,indiabuzznews.co.in,False,False,,,
https://timesofindiadaily.in/archives/18400/,timesofindiadaily.in,False,False,,,
https://theindiawatch.co.in/news/17689,theindiawatch.co.in,False,False,,,
https://thenewsindianow.co.in/news/34975,thenewsindianow.co.in,False,False,,,
https://enrichdaily.com/summer-delights-delivered-experience-ratnagiri-and-devgad-alphonso-mangoes-at-your-doorstep/,enrichdaily.com,True,True,12.0,False,
https://indiatimesonline.co.in/archives/17857/,indiatimesonline.co.in,False,False,,,
https://newsindialive.co.in/news/29125/,newsindialive.co.in,False,False,,,
https://sandwich.co.in/news/28991/,sandwich.co.in,False,False,,,
https://jharkhandnewshub.in/news/29023/,jharkhandnewshub.in,False,False,,,
https://indiawirechannel.co.in/agency-news/7603/,indiawirechannel.co.in,False,False,,,
https://himachalpradeshnewsflash.in/news/18399,himachalpradeshnewsflash.in,False,False,,,
https://indiatodaynewsflash.co.in/agency-news/7180/,indiatodaynewsflash.co.in,False,False,,,
https://indiabriefupdate.co.in/agency-news/7466/,indiabriefupdate.co.in,False,False,,,
https://goreaditright.com/agency-news/summer-delights-delivered-experience-ratnagiri-and-devgad-alphonso-mangoes-at-your-doorstep/,goreaditright.com,True,True,16.0,False,
https://indiagloballive.co.in/archives/17198/,indiagloballive.co.in,False,False,,,
https://indiainformedia.co.in/news/17182,indiainformedia.co.in,False,False,,,
https://newsindianlink.co.in/news/34164,newsindianlink.co.in,False,False,,,
https://amazingtopics.co/summer-delights-delivered-experience-ratnagiri-and-devgad-alphonso-mangoes-at-your-doorstep/,amazingtopics.co,True,True,2.9,False,notfound
https://topicstoknow.com/agency-news/summer-delights-delivered-experience-ratnagiri-and-devgad-alphonso-mangoes-at-your-doorstep/,topicstoknow.com,True,True,11.0,False,
https://buzzcenter.co/summer-delights-delivered-experience-ratnagiri-and-devgad-alphonso-mangoes-at-your-doorstep/,buzzcenter.co,True,True,27.0,False,
https://indiandailypress.co.in/archives/18037/,indiandailypress.co.in,False,False,,,
https://newsindianetwork.co.in/news/17434,newsindianetwork.co.in,False,False,,,
https://indiatodaytimes.co.in/news/27966/,indiatodaytimes.co.in,False,False,,,
https://indianpulsemedia.co.in/news/34968,indianpulsemedia.co.in,False,False,,,
https://deepakrathee.com/news/9157,deepakrathee.com,False,False,,,
https://dailytopic.co/summer-delights-delivered-experience-ratnagiri-and-devgad-alphonso-mangoes-at-your-doorstep/,dailytopic.co,True,True,10.0,False,
https://indiawatchlive.co.in/archives/17832/,indiawatchlive.co.in,False,False,,,
https://theexpertfinds.com/summer-delights-delivered-experience-ratnagiri-and-devgad-alphonso-mangoes-at-your-doorstep/,theexpertfinds.com,True,False,10.0,False,notfound
https://indianfocusnews.co.in/news/17157,indianfocusnews.co.in,False,False,,,
https://tripuranewspoint.in/summer-delights-delivered-experience-ratnagiri-and-devgad-alphonso-mangoes-at-your-doorstep/,tripuranewspoint.in,False,False,,,
https://indiainformer.co.in/news/28013/,indiainformer.co.in,False,False,,,
https://koparkhairane.com/news/35377,koparkhairane.com,False,False,,,
https://dailyindiane.co.in/news/17484,dailyindiane.co.in,False,False,,,
https://theindiatalks.co.in/news/28176/,theindiatalks.co.in,False,False,,,
https://india24x7news.co.in/news/34934,india24x7news.co.in,False,False,,,
https://indianewsconnect.co.in/archives/17795/,indianewsconnect.co.in,False,False,,,
https://thedailydiscover.com/summer-delights-delivered-experience-ratnagiri-and-devgad-alphonso-mangoes-at-your-doorstep/,thedailydiscover.com,True,False,13.0,False,
https://indiapostdaily.co.in/agency-news/7807/,indiapostdaily.co.in,False,False,,,
https://haryananewstime.in/agency-news/8798/,haryananewstime.in,False,False,,,
https://discoverweekly.co/summer-delights-delivered-experience-ratnagiri-and-devgad-alphonso-mangoes-at-your-doorstep/,discoverweekly.co,False,True,,,
https://punjabnewsnetwork.in/news/35889,punjabnewsnetwork.in,False,False,,,
https://indialivenewsupdate.co.in/news/28175/,indialivenewsupdate.co.in,False,False,,,
https://karnatakanewsnetwork.in/news/18363,karnatakanewsnetwork.in,False,False,,,
https://maharastraportal.in/agency-news/8662/,maharastraportal.in,False,False,,,
https://manipurnewsworld.in/news/18277,manipurnewsworld.in,False,False,,,
https://topicsdaily.com/summer-delights-delivered-experience-ratnagiri-and-devgad-alphonso-mangoes-at-your-doorstep/,topicsdaily.com,True,True,13.0,False,
https://indiavibesmedia.co.in/news/28191/,indiavibesmedia.co.in,False,False,,,
https://mizoramnewsvoice.in/news/18380,mizoramnewsvoice.in,False,False,,,
https://indianewswire.co.in/agency-news/8719/,indianewswire.co.in,False,False,,,
https://latestnewshimachal.in/agency-news/8657/,latestnewshimachal.in,False,False,,,
https://indianheadlinenews.co.in/news/17435,indianheadlinenews.co.in,False,False,,,
https://kamothe.com/news/17344,kamothe.com,False,False,,,
https://newspulseindia.co.in/agency-news/8698/,newspulseindia.co.in,False,False,,,
https://indiabuzzfeednews.co.in/news/34203,indiabuzzfeednews.co.in,False,False,,,
https://indiastoryline.co.in/news/17118,indiastoryline.co.in,False,False,,,
https://districtdailynews.in/news/35861,districtdailynews.in,False,False,,,
https://telangananewsspot.in/summer-delights-delivered-experience-ratnagiri-and-devgad-alphonso-mangoes-at-your-doorstep/,telangananewsspot.in,False,False,,,
https://indianheadlinebuzz.co.in/agency-news/7588/,indianheadlinebuzz.co.in,False,False,,,
https://tripuranewscentral.in/archives/18701/,tripuranewscentral.in,False,False,,,
https://indiastatenews.co.in/news/28025/,indiastatenews.co.in,False,False,,,
https://theindianpost.co.in/archives/18278/,theindianpost.co.in,False,False,,,
https://himachalnewsreport.in/archives/18834/,himachalnewsreport.in,False,False,,,
https://knowthatsall.com/summer-delights-delivered-experience-ratnagiri-and-devgad-alphonso-mangoes-at-your-doorstep/,knowthatsall.com,True,True,26.0,False,
https://indiatodayheadlines.co.in/news/28030/,indiatodayheadlines.co.in,False,False,,,
https://topicology.co/summer-delights-delivered-experience-ratnagiri-and-devgad-alphonso-mangoes-at-your-doorstep/,topicology.co,True,True,5.0,True,
https://andhranewsdigest.in/news/29323/,andhranewsdigest.in,False,False,,,
https://indialatestnewsfeed.co.in/archives/17765/,indialatestnewsfeed.co.in,False,False,,,
https://readerstuff.com/summer-delights-delivered-experience-ratnagiri-and-devgad-alphonso-mangoes-at-your-doorstep/,readerstuff.com,False,False,,,
https://popularreads.co/summer-delights-delivered-experience-ratnagiri-and-devgad-alphonso-mangoes-at-your-doorstep/,popularreads.co,True,True,27.0,True,
https://newswaveindia.co.in/agency-news/7511/,newswaveindia.co.in,False,False,,,
https://delhinewsdaily.in/news/29211/,delhinewsdaily.in,False,False,,,
https://dailyindiaupdates.in/archives/18255/,dailyindiaupdates.in,False,False,,,
https://indiannewschannel.co.in/summer-delights-delivered-experience-ratnagiri-and-devgad-alphonso-mangoes-at-your-doorstep/,indiannewschannel.co.in,False,False,,,
https://indiabuzzchannel.co.in/news/34939,indiabuzzchannel.co.in,False,False,,,
https://newsindianbulletin.co.in/news/34943,newsindianbulletin.co.in,False,False,,,
https://indianpresscoverage.co.in/news/28031/,indianpresscoverage.co.in,False,False,,,
https://newsindianupdate.co.in/archives/17799/,newsindianupdate.co.in,False,False,,,
https://rajasthanheadlines.in/news/18416,rajasthanheadlines.in,False,False,,,
https://newsindia24x7.co.in/news/17152,newsindia24x7.co.in,False,False,,,
https://indiannewsviews.co.in/agency-news/7619/,indiannewsviews.co.in,False,False,,,
https://indiabuzztimes.com/agency-news/7609/,indiabuzztimes.com,False,False,,,
https://indiabreakingnewsline.co.in/archives/17795/,indiabreakingnewsline.co.in,False,False,,,
https://odishanewsvoice.in/archives/18795/,odishanewsvoice.in,False,False,,,
https://buzzinginfo.com/summer-delights-delivered-experience-ratnagiri-and-devgad-alphonso-mangoes-at-your-doorstep/,buzzinginfo.com,True,True,20.0,False,
https://indianewsjunction.co.in/news/17244,indianewsjunction.co.in,False,False,,,
https://financegoahead.com/summer-delights-delivered-experience-ratnagiri-and-devgad-alphonso-mangoes-at-your-doorstep/,financegoahead.com,True,True,13.0,False,
https://newsindiaconnect.co.in/news/28178/,newsindiaconnect.co.in,False,False,,,
https://cityvoice.in/news/9395/,cityvoice.in,False,False,,,
https://jharkhandindianewsagency.in/news/28917/,jharkhandindianewsagency.in,False,False,,,
https://indialatestnewsupdate.co.in/news/27320/,indialatestnewsupdate.co.in,False,False,,,
https://thereadersdigest.com/summer-delights-delivered-experience-ratnagiri-and-devgad-alphonso-mangoes-at-your-doorstep/,thereadersdigest.com,True,True,11.0,False,
https://indiaviralnewsnow.co.in/news/17238,indiaviralnewsnow.co.in,False,False,,,
https://indiamirrornews.co.in/news/17189,indiamirrornews.co.in,False,False,,,
https://hoist.co.in/summer-delights-delivered-experience-ratnagiri-and-devgad-alphonso-mangoes-at-your-doorstep/,hoist.co.in,False,False,,,
https://indianexpressnewsfeed.co.in/summer-delights-delivered-experience-ratnagiri-and-devgad-alphonso-mangoes-at-your-doorstep/,indianexpressnewsfeed.co.in,False,False,,,
https://indianewsportal.co.in/agency-news/8639/,indianewsportal.co.in,False,False,,,
https://nagalandnews24x7.in/archives/16430/,nagalandnews24x7.in,False,False,,,
https://indianpressconnect.co.in/news/34935,indianpressconnect.co.in,False,False,,,
https://theindiabrief.co.in/archives/17292/,theindiabrief.co.in,False,False,,,
https://indiaglobetoday.co.in/news/28000/,indiaglobetoday.co.in,False,False,,,
https://uttarakhandnewswire.in/archives/18783/,uttarakhandnewswire.in,False,False,,,
https://karnatakanewsroom.in/archives/18869/,karnatakanewsroom.in,False,False,,,
https://tamilnadunewsupdate.in/summer-delights-delivered-experience-ratnagiri-and-devgad-alphonso-mangoes-at-your-doorstep/,tamilnadunewsupdate.in,False,False,,,
https://indialivenewstoday.co.in/news/34179,indialivenewstoday.co.in,False,False,,,
https://maharashtranewsflash.in/news/18437,maharashtranewsflash.in,False,False,,,
https://indiabriefings.co.in/news/17442,indiabriefings.co.in,False,False,,,
https://sikkimnewsupdate.in/news/35826,sikkimnewsupdate.in,False,False,,,
https://dailybulletinz.com/summer-delights-delivered-experience-ratnagiri-and-devgad-alphonso-mangoes-at-your-doorstep/,dailybulletinz.com,False,False,,,
https://goanewstime.in/agency-news/8642/,goanewstime.in,False,False,,,
https://indiapulseupdate.co.in/agency-news/7629/,indiapulseupdate.co.in,False,False,,,
https://indianexpressupdate.co.in/news/17207,indianexpressupdate.co.in,False,False,,,
https://expertarenas.com/agency-news/summer-delights-delivered-experience-ratnagiri-and-devgad-alphonso-mangoes-at-your-doorstep/,expertarenas.com,True,True,9.0,True,
https://indiatodayupdates.com/agency-news/7873/,indiatodayupdates.com,False,False,,,
https://theindianpostonline.co.in/news/34179,theindianpostonline.co.in,False,False,,,
https://indiannewsdailyupdate.co.in/news/34967,indiannewsdailyupdate.co.in,False,False,,,
https://newseagleindia.in/archives/18367/,newseagleindia.in,False,False,,,
https://newsindiatimes.co.in/archives/18310/,newsindiatimes.co.in,False,False,,,
https://nagalandnewswatch.in/news/35828,nagalandnewswatch.in,False,False,,,
https://latestnewskarnataka.in/agency-news/8709/,latestnewskarnataka.in,False,False,,,
https://indiabuzztimes.co.in/news/28188/,indiabuzztimes.co.in,False,False,,,
https://indianewsnation.in/news/36090,indianewsnation.in,False,False,,,
https://contentpedia.co/agency-news/summer-delights-delivered-experience-ratnagiri-and-devgad-alphonso-mangoes-at-your-doorstep/,contentpedia.co,True,True,10.0,False,notfound
https://indiawirenews.co.in/news/17434,indiawirenews.co.in,False,False,,,
https://newsindiatalks.co.in/news/17574,newsindiatalks.co.in,False,False,,,
https://indianexpressdaily.com/news/28132/,indianexpressdaily.com,False,False,,,
https://goanewsonline.in/archives/18806/,goanewsonline.in,False,False,,,
https://indianexpressnews.co.in/archives/18313/,indianexpressnews.co.in,False,False,,,
https://indiabreakingbuzz.co.in/news/17506,indiabreakingbuzz.co.in,False,False,,,
https://meghalayanewsdaily.in/archives/18804/,meghalayanewsdaily.in,False,False,,,
https://newsbridge.org/summer-delights-delivered-experience-ratnagiri-and-devgad-alphonso-mangoes-at-your-doorstep/,newsbridge.org,False,False,,,
https://chhattisgarhnewsline.in/news/29029/,chhattisgarhnewsline.in,False,False,,,
https://indiatimesnews.co.in/archives/18065/,indiatimesnews.co.in,False,False,,,
https://www.123menlife.com/agency-news/summer-delights-delivered-experience-ratnagiri-and-devgad-alphonso-mangoes-at-your-doorstep/,123menlife.com,False,False,,,
https://indiabulletinnews.co.in/news/34090,indiabulletinnews.co.in,False,False,,,
https://mizoramnewsbuzz.in/archives/18891/,mizoramnewsbuzz.in,False,False,,,
https://indiatodayliveupdate.co.in/agency-news/7591/,indiatodayliveupdate.co.in,False,False,,,
https://indiacurrentaffairs.co.in/news/28186/,indiacurrentaffairs.co.in,False,False,,,
https://indiaflashbulletin.co.in/news/34128,indiaflashbulletin.co.in,False,False,,,
https://newsindianline.co.in/news/28166/,newsindianline.co.in,False,False,,,
https://indiannewsbeat.com/agency-news/7616/,indiannewsbeat.com,False,False,,,
https://newsindiapoint.co.in/agency-news/7851/,newsindiapoint.co.in,False,False,,,
https://indiapressdispatch.co.in/news/34185,indiapressdispatch.co.in,False,False,,,
https://indiaflashnews.co.in/news/17448,indiaflashnews.co.in,False,False,,,
https://indiatodayheadline.co.in/news/34988,indiatodayheadline.co.in,False,False,,,
https://newsindianpulse.co.in/agency-news/7161/,newsindianpulse.co.in,False,False,,,
https://topicsarena.com/summer-delights-delivered-experience-ratnagiri-and-devgad-alphonso-mangoes-at-your-doorstep/,topicsarena.com,False,False,,,
https://indiaglobalnews.co.in/news/34982,indiaglobalnews.co.in,False,False,,,
https://panjabnewsupdate.in/agency-news/8728/,panjabnewsupdate.in,False,False,,,
https://newsindiaconnectivity.co.in/news/27992/,newsindiaconnectivity.co.in,False,False,,,
https://theindiatimesonline.co.in/agency-news/7814/,theindiatimesonline.co.in,False,False,,,
https://indiaflashnewsfeed.co.in/agency-news/7613/,indiaflashnewsfeed.co.in,False,False,,,
https://mizoramnewspulse.in/news/18397,mizoramnewspulse.in,False,False,,,
https://indiawatchdaily.co.in/news/17189,indiawatchdaily.co.in,False,False,,,
https://indianewsbreak.co.in/news/34179,indianewsbreak.co.in,False,False,,,
https://rajasthannewstime.in/news/29112/,rajasthannewstime.in,False,False,,,
https://odishanewshour.in/news/35839,odishanewshour.in,False,False,,,
https://villagevoicenews.in/summer-delights-delivered-experience-ratnagiri-and-devgad-alphonso-mangoes-at-your-doorstep/,villagevoicenews.in,False,False,,,
https://indialivenews.co.in/archives/18393/,indialivenews.co.in,False,False,,,
https://dailystreetjournal.com/summer-delights-delivered-experience-ratnagiri-and-devgad-alphonso-mangoes-at-your-doorstep/,dailystreetjournal.com,True,True,22.0,False,notfound
https://gujaratwatch.co.in/news/29171/,gujaratwatch.co.in,False,False,,,
https://indiatribunetimes.co.in/news/17165,indiatribunetimes.co.in,False,False,,,
https://dailynewsindiaonline.co.in/news/34918,dailynewsindiaonline.co.in,False,False,,,
https://indiawiremedia.com/news/27746/,indiawiremedia.com,False,False,,,
https://jammuandkashmirnewsreport.in/news/18426,jammuandkashmirnewsreport.in,False,False,,,
https://indiacurrentupdate.co.in/news/17560,indiacurrentupdate.co.in,False,False,,,
https://indianpresswire.co.in/agency-news/7608/,indianpresswire.co.in,False,False,,,
https://indiapressjournal.co.in/agency-news/7827/,indiapressjournal.co.in,False,False,,,
https://indiannewsupdate.co.in/news/28034/,indiannewsupdate.co.in,False,False,,,
https://newsindiaheadline.in/news/28938/,newsindiaheadline.in,False,False,,,
https://madhyapradeshnewstribune.in/news/18405,madhyapradeshnewstribune.in,False,False,,,
https://indialivenewsfeed.co.in/summer-delights-delivered-experience-ratnagiri-and-devgad-alphonso-mangoes-at-your-doorstep/,indialivenewsfeed.co.in,False,False,,,
https://indialatestnews.co.in/news/28014/,indialatestnews.co.in,False,False,,,
https://indiareporterlive.co.in/agency-news/7888/,indiareporterlive.co.in,False,False,,,
https://haryananewsline.co.in/news/29141/,haryananewsline.co.in,False,False,,,
https://topicseveryday.com/agency-news/summer-delights-delivered-experience-ratnagiri-and-devgad-alphonso-mangoes-at-your-doorstep/,topicseveryday.com,True,True,13.0,False,
https://everydaynewz.co/summer-delights-delivered-experience-ratnagiri-and-devgad-alphonso-mangoes-at-your-doorstep/,everydaynewz.co,True,True,6.0,False,
https://topreads.co/summer-delights-delivered-experience-ratnagiri-and-devgad-alphonso-mangoes-at-your-doorstep/,topreads.co,True,True,7.0,False,
https://ghansoli.com/news/28647/,ghansoli.com,False,False,,,
https://consumetrue.com/summer-delights-delivered-experience-ratnagiri-and-devgad-alphonso-mangoes-at-your-doorstep/,consumetrue.com,True,True,10.0,False,
https://commontopics.co/agency-news/summer-delights-delivered-experience-ratnagiri-and-devgad-alphonso-mangoes-at-your-doorstep/,commontopics.co,True,True,9.0,False,
https://rabale.com/news/18192,rabale.com,False,False,,,
https://thereadersarena.com/summer-delights-delivered-experience-ratnagiri-and-devgad-alphonso-mangoes-at-your-doorstep/,thereadersarena.com,True,True,4.2,False,
https://readerspool.com/summer-delights-delivered-experience-ratnagiri-and-devgad-alphonso-mangoes-at-your-doorstep/,readerspool.com,True,True,7.0,False,
https://topicsreader.com/summer-delights-delivered-experience-ratnagiri-and-devgad-alphonso-mangoes-at-your-doorstep/,topicsreader.com,True,True,7.0,False,
