handle,current_meta_title,current_meta_desc_len,proposed_meta_title,title_len,proposed_meta_desc,desc_len
cashew-nuts-w180,Buy W180 Cashew Nuts Online - Jumbo Whole Kaju | Konkan Farms | AlphonsoMango.in,288,Buy W180 Jumbo Cashew Nuts (Kaju) Online | AlphonsoMango.in,59,"Buy W180 Jumbo Cashew Nuts (Kaju) online from ₹400. FSSAI-licensed Powle Home Foods, delivery across India. Order at AlphonsoMango.in.",134
cashew-with-skin,Buy Cashew With Skin Online - Chilka Kaju | Goa & Konkan Farms | AlphonsoMango.in,279,Buy Raw Cashew with Skin (Chilka Kaju) Online,45,"Buy Raw Cashew with Skin (Chilka Kaju) online from ₹345. FSSAI-licensed Powle Home Foods, delivery across India. Order at AlphonsoMango.in.",139
masala-cashew,Buy Masala Cashew Nuts Online - Spicy Roasted Kaju | Konkan Farms | AlphonsoMango.in,272,Buy Masala Cashew Nuts (Kaju) Online | AlphonsoMango.in,55,"Buy Masala Cashew Nuts (Kaju) online from ₹350. FSSAI-licensed Powle Home Foods, delivery across India. Order at AlphonsoMango.in.",130
roasted-cashew-nut,Buy Roasted Cashew Nuts Online - Plain Dry Roasted Kaju | No Oil | AlphonsoMango.in,266,Buy Roasted Cashew Nuts (Kaju) Online | AlphonsoMango.in,56,"Buy Roasted Cashew Nuts (Kaju) online from ₹380. FSSAI-licensed Powle Home Foods, delivery across India. Order at AlphonsoMango.in.",131
salted-cashew-nuts,Buy Salted Cashew Nuts Online - Khara Kaju | Himalayan Salt | AlphonsoMango.in,275,Buy Salted Cashew Nuts (Khara Kaju) Online,42,"Buy Salted Cashew Nuts (Khara Kaju) online from ₹380. FSSAI-licensed Powle Home Foods, delivery across India. Order at AlphonsoMango.in.",136
cashew-nut-split,Buy Cashew Nut Split Online - Kaju Tukda | Budget Cooking Cashews | AlphonsoMango.in,270,Buy Cashew Nut Split (Kaju Tukda) Online | AlphonsoMango.in,59,"Buy Cashew Nut Split (Kaju Tukda) online from ₹250. FSSAI-licensed Powle Home Foods, delivery across India. Order at AlphonsoMango.in.",134
w240-cashew-online,Buy W240 Cashew Nuts Online - Large Premium Kaju | Konkan Farms | AlphonsoMango.in,269,Buy W240 Large Cashew Nuts (Kaju) Online | AlphonsoMango.in,59,"Buy W240 Large Cashew Nuts (Kaju) online from ₹340. FSSAI-licensed Powle Home Foods, delivery across India. Order at AlphonsoMango.in.",134
w320-cashew-nuts,Buy W320 Cashew Nuts Online - Best Value Regular Kaju | Konkan Farms | AlphonsoMango.in,270,Buy W320 Cashew Nuts (Kaju) Online | AlphonsoMango.in,53,"Buy W320 Cashew Nuts (Kaju) online from ₹310. FSSAI-licensed Powle Home Foods, delivery across India. Order at AlphonsoMango.in.",128
godambi-marking-nut,Godambi in English: Marking Nut | Ker Beeja,130,"Buy Godambi (Marking Nut, Ker Beeja) Online",43,"Buy Godambi (Marking Nut, Ker Beeja) online from ₹545. FSSAI-licensed Powle Home Foods, delivery across India. Order at AlphonsoMango.in.",137
sunflower-seeds,(none: Shopify uses product title),132,Buy Roasted Sunflower Seeds Online | AlphonsoMango.in,53,"Buy Roasted Sunflower Seeds online from ₹150. FSSAI-licensed Powle Home Foods, delivery across India. Order at AlphonsoMango.in.",128
roasted-sunflower-seeds,Roasted Sunflower Seeds Health food,154,Buy Roasted Sunflower Seeds Online | AlphonsoMango.in,53,"Buy Roasted Sunflower Seeds online from ₹230. FSSAI-licensed Powle Home Foods, delivery across India. Order at AlphonsoMango.in.",128
alphonso-mango-order-online,"Hapus Mango Online – GI Certified, Carbide-Free | 1 Dozen",117,Buy Ratnagiri Hapus Mango (1 Dozen) Online,42,"Order Ratnagiri Hapus Mango (1 Dozen) online from ₹1,849. FSSAI-licensed seller, seasonal stock, delivered by Blue Dart. AlphonsoMango.in.",138
amba-modak,(none: Shopify uses product title),0,Buy Mango Modak (Amba Modak) Online | AlphonsoMango.in,54,"Buy Mango Modak (Amba Modak) online from ₹250. FSSAI-licensed Powle Home Foods, delivery across India. Order at AlphonsoMango.in.",129
raisins,(none: Shopify uses product title),160,"Buy Indian Raisins (Munakka, Kishmish) Online",45,"Buy Indian Raisins (Munakka, Kishmish) online from ₹165. FSSAI-licensed Powle Home Foods, delivery across India. Order at AlphonsoMango.in.",139
bhimseni-kapoor-camphor,(none: Shopify uses product title),157,Buy Bhimseni Kapoor (Pure Camphor) Online | AlphonsoMango.in,60,"Buy Bhimseni Kapoor (Pure Camphor) online from ₹280. FSSAI-licensed Powle Home Foods, delivery across India. Order at AlphonsoMango.in.",135
strawberry,(none: Shopify uses product title),160,Buy Mahabaleshwar Strawberry Online | AlphonsoMango.in,54,"Buy Mahabaleshwar Strawberry online from ₹75. FSSAI-licensed Powle Home Foods, delivery across India. Order at AlphonsoMango.in.",128
sandgi-mirchi,Sandgi Mirchi | Kondattam Molagu | Dahi Mirchi,157,Buy Sandgi Mirchi (Dahi Mirchi) Online | AlphonsoMango.in,57,"Buy Sandgi Mirchi (Dahi Mirchi) online from ₹250. FSSAI-licensed Powle Home Foods, delivery across India. Order at AlphonsoMango.in.",132
ajwa-dates-ajwa-khajoor,Authentic Ajwa Dates Online | Premium Ajwa Khajoor from Medina,153,Buy Ajwa Dates (Ajwa Khajoor) Online | AlphonsoMango.in,55,"Buy Ajwa Dates (Ajwa Khajoor) online from ₹1,150. FSSAI-licensed Powle Home Foods, delivery across India. Order at AlphonsoMango.in.",132
green-cardamom-elaichi,Elaichi | Green Cardamom Pods – Bold Kerala Aroma,133,Buy Green Cardamom (Elaichi) Online | AlphonsoMango.in,54,"Buy Green Cardamom (Elaichi) online from ₹415. FSSAI-licensed Powle Home Foods, delivery across India. Order at AlphonsoMango.in.",129
golden-kiwi,(none: Shopify uses product title),154,Buy Golden Kiwi Online | AlphonsoMango.in,41,"Buy Golden Kiwi online from ₹200. FSSAI-licensed Powle Home Foods, delivery across India. Order at AlphonsoMango.in.",116
green-kiwi,(none: Shopify uses product title),160,Buy Green Kiwi Online | AlphonsoMango.in,40,"Buy Green Kiwi online from ₹250. FSSAI-licensed Powle Home Foods, delivery across India. Order at AlphonsoMango.in.",115
imported-cherry-fruit,(none: Shopify uses product title),156,Buy Imported Fresh Cherries Online | AlphonsoMango.in,53,"Buy Imported Fresh Cherries online from ₹500. FSSAI-licensed Powle Home Foods, delivery across India. Order at AlphonsoMango.in.",128
nectarine,(none: Shopify uses product title),156,Buy Imported Nectarine Online | AlphonsoMango.in,48,"Buy Imported Nectarine online from ₹500. FSSAI-licensed Powle Home Foods, delivery across India. Order at AlphonsoMango.in.",123
packham-pear,(none: Shopify uses product title),160,Buy Packham Pear Online | AlphonsoMango.in,42,"Buy Packham Pear online from ₹450. FSSAI-licensed Powle Home Foods, delivery across India. Order at AlphonsoMango.in.",117
sweet-tamarind,Sweet Tamarind: Meethi Imli A Delicious Treat at AlphonsoMango.in,160,Buy Sweet Tamarind (Meethi Imli) Online | AlphonsoMango.in,58,"Buy Sweet Tamarind (Meethi Imli) online from ₹282. FSSAI-licensed Powle Home Foods, delivery across India. Order at AlphonsoMango.in.",133
jardalu,(none: Shopify uses product title),154,Buy Dried Apricot (Jardalu) Online | AlphonsoMango.in,53,"Buy Dried Apricot (Jardalu) online from ₹285. FSSAI-licensed Powle Home Foods, delivery across India. Order at AlphonsoMango.in.",128
dried-blackberries,Order Dried Blackberries – Your Healthy & Tasty Snack,156,Buy Dried Blackberries Online | AlphonsoMango.in,48,"Buy Dried Blackberries online from ₹740. FSSAI-licensed Powle Home Foods, delivery across India. Order at AlphonsoMango.in.",123
dried-cranberry-cranberries,Tasty Dried Cranberries You Can Enjoy Anytime ,153,Buy Dried Cranberries Online | AlphonsoMango.in,47,"Buy Dried Cranberries online from ₹280. FSSAI-licensed Powle Home Foods, delivery across India. Order at AlphonsoMango.in.",122
mamra-badam,Mamra Badam | Gurbandi Almonds,159,Buy Mamra Badam (Gurbandi Almonds) Online | AlphonsoMango.in,60,"Buy Mamra Badam (Gurbandi Almonds) online from ₹850. FSSAI-licensed Powle Home Foods, delivery across India. Order at AlphonsoMango.in.",135
walnut-akhrot-kernel-half-akhrot-giri,(none: Shopify uses product title),157,Buy Walnut Kernels (Akhrot Giri) Online | AlphonsoMango.in,58,"Buy Walnut Kernels (Akhrot Giri) online from ₹520. FSSAI-licensed Powle Home Foods, delivery across India. Order at AlphonsoMango.in.",133
mix-dry-fruits, Mix Dry Fruits | Nut Mix | Panch Mewa,157,Buy Mix Dry Fruits (Panch Mewa) Online | AlphonsoMango.in,57,"Buy Mix Dry Fruits (Panch Mewa) online from ₹280. FSSAI-licensed Powle Home Foods, delivery across India. Order at AlphonsoMango.in.",132
malgova-mango,Malgova Mango | Malgoba | Malgoa ,118,Buy Malgova Mango Online | AlphonsoMango.in,43,"Order Malgova Mango online from ₹1,800. FSSAI-licensed seller, seasonal stock, delivered by Blue Dart. AlphonsoMango.in.",120
kashmiri-lahsun-kashmiri-garlic,Kashmiri Lahsun | Kashmiri Garlic | Ek Pothi Lahsun,155,Buy Kashmiri Garlic (Ek Pothi Lahsun) Online,44,"Buy Kashmiri Garlic (Ek Pothi Lahsun) online from ₹285. FSSAI-licensed Powle Home Foods, delivery across India. Order at AlphonsoMango.in.",138
totapuri-mango,(none: Shopify uses product title),155,Buy Totapuri Mango Online | AlphonsoMango.in,44,"Order Totapuri Mango online from ₹650. FSSAI-licensed seller, seasonal stock, delivered by Blue Dart. AlphonsoMango.in.",119
salem-mango,(none: Shopify uses product title),158,Buy Salem Mango Online | AlphonsoMango.in,41,"Order Salem Mango online from ₹1,299. FSSAI-licensed seller, seasonal stock, delivered by Blue Dart. AlphonsoMango.in.",118
dried-chikoo-chips,Dried Chikoo Chips – Witness Crunchy Sweetness in Every Bite,158,Buy Dried Chikoo Chips Online | AlphonsoMango.in,48,"Buy Dried Chikoo Chips online from ₹300. FSSAI-licensed Powle Home Foods, delivery across India. Order at AlphonsoMango.in.",123
dates-sugar-kharik-powder,Dates Sugar – Natural Sweetener from Kharik Powder,158,Buy Dates Sugar (Kharik Powder) Online | AlphonsoMango.in,57,"Buy Dates Sugar (Kharik Powder) online from ₹280. FSSAI-licensed Powle Home Foods, delivery across India. Order at AlphonsoMango.in.",132
star-anise-chakra-phool,Chakra Phool | Star Anise (Star Phool) – AlphonsoMango.in,129,Buy Star Anise (Chakra Phool) Online | AlphonsoMango.in,55,"Buy Star Anise (Chakra Phool) online from ₹345. FSSAI-licensed Powle Home Foods, delivery across India. Order at AlphonsoMango.in.",130
wheat-grass-powder-gavhankur-powder,(none: Shopify uses product title),159,Buy Wheat Grass Powder (Gavhankur) Online | AlphonsoMango.in,60,"Buy Wheat Grass Powder (Gavhankur) online from ₹360. FSSAI-licensed Powle Home Foods, delivery across India. Order at AlphonsoMango.in.",135
gond-katira-badam-pisin,Gond Katira Badam Pisin | Almond Gum Kathila Gond,155,Buy Gond Katira (Badam Pisin) Online | AlphonsoMango.in,55,"Buy Gond Katira (Badam Pisin) online from ₹199. FSSAI-licensed Powle Home Foods, delivery across India. Order at AlphonsoMango.in.",130
himalayan-pink-salt,(none: Shopify uses product title),154,Buy Himalayan Pink Salt Online | AlphonsoMango.in,49,"Buy Himalayan Pink Salt online from ₹320. FSSAI-licensed Powle Home Foods, delivery across India. Order at AlphonsoMango.in.",124
chilgoza-pine-nuts,Buy Premium Chilgoza Pine Nuts Online | 100% Fresh Kernels,172,Buy Chilgoza Pine Nuts Online | AlphonsoMango.in,48,"Buy Chilgoza Pine Nuts online from ₹2,699. FSSAI-licensed Powle Home Foods, delivery across India. Order at AlphonsoMango.in.",125
nutmeg-powder-jaiphal-powder-jathikai-powder,(none: Shopify uses product title),151,Buy Nutmeg Powder (Jaiphal) Online | AlphonsoMango.in,53,"Buy Nutmeg Powder (Jaiphal) online from ₹158. FSSAI-licensed Powle Home Foods, delivery across India. Order at AlphonsoMango.in.",128
alphonso-mango-cubes,Freeze Dried Alphonso Mango Cubes | 100% Natural Hapus,153,Buy Freeze Dried Alphonso Mango Cubes Online,44,"Buy Freeze Dried Alphonso Mango Cubes online from ₹280. FSSAI-licensed Powle Home Foods, delivery across India. Order at AlphonsoMango.in.",138
