Redirect from,Redirect to
/blogs/price/ratnagiri-hapus-mango-prices-ultimate-guide,/blogs/ratnagiri-hapus/buy-ratnagiri-hapus-online
/blogs/price/ratnagiri-hapus-price-guide,/blogs/ratnagiri-hapus/buy-ratnagiri-hapus-online
/blogs/price/discover-ratnagiri-alphonso-mango-price-varieties,/blogs/ratnagiri-hapus/buy-ratnagiri-hapus-online
/blogs/price/hapus-mango-rate-online,/blogs/ratnagiri-hapus/buy-ratnagiri-hapus-online
/blogs/ratnagiri-hapus/alphonso-mangoes-cost-online-vs-local-market,/blogs/ratnagiri-hapus/buy-ratnagiri-hapus-online
/blogs/hapus/ratnagiri-hapus-aam-price,/blogs/ratnagiri-hapus/buy-ratnagiri-hapus-online
/blogs/ratnagiri-hapus/authentic-ratnagiri-hapus-mango-online-order-today,/blogs/ratnagiri-hapus/buy-ratnagiri-hapus-online
/blogs/mango-mumbai/unbeatable-ratnagiri-hapus-mango-price-in-mumbai,/blogs/buy/mango-online-mumbai
/blogs/price/cost-of-alphonso-mangoes-in-mumbai,/blogs/buy/mango-online-mumbai
/blogs/ratnagiri-hapus/alphonso-mango-mumbai-price,/blogs/buy/mango-online-mumbai
